paralog,mol,ptype,pchembl,val,unit,doc
ENPP1,CHEMBL3289396,Ki,7.7,20.0,nM,CHEMBL3286381
ENPP1,CHEMBL3360893,Ki,7.7,20.0,nM,CHEMBL3351503
ENPP1,CHEMBL3360892,Ki,8.3,5.0,nM,CHEMBL3351503
ENPP1,CHEMBL3360884,Ki,7.53,29.6,nM,CHEMBL3351503
ENPP1,CHEMBL3360878,Ki,7.36,44.2,nM,CHEMBL3351503
ENPP1,CHEMBL3360901,Ki,7.45,35.8,nM,CHEMBL3351503
ENPP1,CHEMBL3360893,Ki,7.7,20.0,nM,CHEMBL3351503
ENPP1,CHEMBL3360892,Ki,8.3,5.0,nM,CHEMBL3351503
ENPP1,CHEMBL3360884,Ki,7.53,29.6,nM,CHEMBL3351503
ENPP1,CHEMBL3360878,Ki,7.36,44.2,nM,CHEMBL3351503
ENPP1,CHEMBL3360901,Ki,7.45,35.8,nM,CHEMBL3351503
ENPP1,CHEMBL1783609,Ki,7.23,59.0,nM,CHEMBL3813632
ENPP1,CHEMBL4160816,Ki,7.15,71.0,nM,CHEMBL4145537
ENPP1,CHEMBL1783614,Ki,7.24,58.0,nM,CHEMBL4145537
ENPP1,CHEMBL4163119,Ki,7.05,90.0,nM,CHEMBL4145537
ENPP1,CHEMBL4163923,Ki,7.0,101.0,nM,CHEMBL4145537
ENPP1,CHEMBL4206625,Ki,7.57,27.0,nM,CHEMBL4177769
ENPP1,CHEMBL1783609,Ki,7.19,64.2,nM,CHEMBL4261497
ENPP1,CHEMBL1783609,Ki,7.23,59.3,nM,CHEMBL4261497
ENPP1,CHEMBL5278177,IC50,7.49,32.3,nM,CHEMBL5236568
ENPP1,CHEMBL5282991,IC50,7.32,48.0,nM,CHEMBL5236568
ENPP1,CHEMBL5282123,IC50,8.43,3.7,nM,CHEMBL5236568
ENPP1,CHEMBL5287511,IC50,7.35,45.0,nM,CHEMBL5236568
ENPP1,CHEMBL5433453,IC50,7.43,37.0,nM,CHEMBL5370672
ENPP1,CHEMBL5411127,IC50,7.96,11.0,nM,CHEMBL5370672
ENPP1,CHEMBL5438954,IC50,7.41,39.0,nM,CHEMBL5370672
ENPP1,CHEMBL5413273,IC50,7.17,68.0,nM,CHEMBL5370672
ENPP1,CHEMBL5426250,IC50,7.16,69.0,nM,CHEMBL5370672
ENPP1,CHEMBL5556506,Ki,7.48,33.0,nM,CHEMBL5512622
ENPP1,CHEMBL1783609,Ki,7.96,11.0,nM,CHEMBL5512622
ENPP1,CHEMBL5555042,IC50,7.6,25.0,nM,CHEMBL5512622
ENPP1,CHEMBL5557547,IC50,8.77,1.7,nM,CHEMBL5512622
ENPP1,CHEMBL5555976,IC50,9.28,0.52,nM,CHEMBL5512622
ENPP1,CHEMBL5555976,IC50,8.68,2.1,nM,CHEMBL5512622
ENPP1,CHEMBL5567352,IC50,7.06,87.0,nM,CHEMBL5512622
ENPP1,CHEMBL5556388,IC50,7.04,91.0,nM,CHEMBL5512622
ENPP1,CHEMBL5564077,IC50,7.07,86.0,nM,CHEMBL5512622
ENPP1,CHEMBL5557032,IC50,7.1,79.0,nM,CHEMBL5512622
ENPP1,CHEMBL5556593,Ki,7.42,38.0,nM,CHEMBL5512622
ENPP1,CHEMBL5560451,Ki,7.39,41.0,nM,CHEMBL5512622
ENPP1,CHEMBL5556915,IC50,7.82,15.0,nM,CHEMBL5512629
ENPP1,CHEMBL5565781,IC50,8.38,4.2,nM,CHEMBL5512629
ENPP1,CHEMBL5413273,IC50,7.17,68.0,nM,CHEMBL5512629
ENPP1,CHEMBL5556506,Ki,7.48,33.0,nM,CHEMBL5512629
ENPP1,CHEMBL3360884,Ki,7.53,29.6,nM,CHEMBL5512629
ENPP1,CHEMBL324842,Ki,7.57,26.9,nM,CHEMBL5512629
ENPP1,CHEMBL1783609,IC50,7.78,16.7,nM,CHEMBL5518208
ENPP1,CHEMBL5556506,IC50,9.1,0.8,nM,CHEMBL5518208
ENPP1,CHEMBL5560511,IC50,9.52,0.3,nM,CHEMBL5518208
ENPP1,CHEMBL5563471,IC50,8.62,2.4,nM,CHEMBL5518208
ENPP1,CHEMBL5562733,IC50,7.9,12.6,nM,CHEMBL5518208
ENPP1,CHEMBL5567338,IC50,8.21,6.2,nM,CHEMBL5518208
ENPP1,CHEMBL5564529,IC50,8.21,6.19,nM,CHEMBL5518208
ENPP1,CHEMBL5561670,IC50,9.32,0.48,nM,CHEMBL5518208
ENPP1,CHEMBL5555461,IC50,8.07,8.46,nM,CHEMBL5518208
ENPP1,CHEMBL5568520,IC50,8.67,2.14,nM,CHEMBL5518208
ENPP1,CHEMBL5566818,IC50,9.25,0.56,nM,CHEMBL5518208
ENPP1,CHEMBL5556761,IC50,8.75,1.77,nM,CHEMBL5518208
ENPP1,CHEMBL5556763,IC50,7.47,34.04,nM,CHEMBL5518208
ENPP1,CHEMBL5527873,IC50,8.85,1.41,nM,CHEMBL5518208
ENPP1,CHEMBL5568392,IC50,8.39,4.05,nM,CHEMBL5518208
ENPP1,CHEMBL5556000,IC50,9.8,0.16,nM,CHEMBL5518208
ENPP1,CHEMBL5558533,IC50,9.14,0.72,nM,CHEMBL5518208
ENPP1,CHEMBL5558246,IC50,9.18,0.66,nM,CHEMBL5518208
ENPP1,CHEMBL5567749,IC50,9.03,0.94,nM,CHEMBL5518208
ENPP1,CHEMBL5557235,IC50,8.39,4.03,nM,CHEMBL5518208
ENPP1,CHEMBL5542628,IC50,7.72,18.94,nM,CHEMBL5518208
ENPP1,CHEMBL5566114,IC50,10.05,0.09,nM,CHEMBL5518208
ENPP1,CHEMBL1783609,IC50,7.71,19.3,nM,CHEMBL5518208
ENPP1,CHEMBL5556506,IC50,7.33,47.3,nM,CHEMBL5518208
ENPP1,CHEMBL5560511,IC50,7.45,35.6,nM,CHEMBL5518208
ENPP1,CHEMBL5561670,IC50,7.23,59.0,nM,CHEMBL5518208
ENPP1,CHEMBL5566818,IC50,7.38,42.2,nM,CHEMBL5518208
ENPP1,CHEMBL5556000,IC50,7.51,30.8,nM,CHEMBL5518208
ENPP1,CHEMBL5558246,IC50,7.2,63.3,nM,CHEMBL5518208
ENPP1,CHEMBL5567749,IC50,7.12,76.0,nM,CHEMBL5518208
ENPP1,CHEMBL5566114,IC50,8.06,8.8,nM,CHEMBL5518208
ENPP1,CHEMBL5556506,Ki,7.48,33.0,nM,CHEMBL5518208
ENPP1,CHEMBL5555042,IC50,7.6,25.0,nM,CHEMBL5518208
ENPP1,CHEMBL5618441,IC50,8.24,5.7,nM,CHEMBL5614463
ENPP1,CHEMBL5618191,IC50,7.45,35.9,nM,CHEMBL5614463
ENPP1,CHEMBL5411127,IC50,7.77,16.9,nM,CHEMBL5614463
ENPP1,CHEMBL5618154,IC50,7.57,27.1,nM,CHEMBL5614463
ENPP1,CHEMBL5619623,IC50,7.1,78.7,nM,CHEMBL5614463
ENPP1,CHEMBL5564077,IC50,7.07,86.0,nM,CHEMBL5727768
ENPP1,CHEMBL5557032,IC50,7.1,79.0,nM,CHEMBL5727768
ENPP1,CHEMBL5564077,IC50,7.07,86.0,nM,CHEMBL5728753
ENPP1,CHEMBL5557032,IC50,7.1,79.0,nM,CHEMBL5728753
ENPP1,CHEMBL5796412,IC50,8.44,3.6,nM,CHEMBL5729610
ENPP1,CHEMBL5984053,IC50,8.16,6.87,nM,CHEMBL5729610
ENPP1,CHEMBL6060253,IC50,7.33,46.6,nM,CHEMBL5729610
ENPP1,CHEMBL5779226,IC50,7.44,36.5,nM,CHEMBL5729610
ENPP1,CHEMBL6057995,IC50,7.43,36.7,nM,CHEMBL5729610
ENPP1,CHEMBL5766727,IC50,8.36,4.37,nM,CHEMBL5729610
ENPP1,CHEMBL5829723,IC50,8.09,8.11,nM,CHEMBL5729610
ENPP1,CHEMBL5942355,IC50,7.77,17.1,nM,CHEMBL5729610
ENPP1,CHEMBL5978512,IC50,7.49,32.4,nM,CHEMBL5729610
ENPP1,CHEMBL6037366,IC50,8.37,4.23,nM,CHEMBL5729610
ENPP1,CHEMBL5862268,IC50,7.0,99.7,nM,CHEMBL5729610
ENPP1,CHEMBL5891722,IC50,7.68,21.0,nM,CHEMBL5729610
ENPP1,CHEMBL5915273,IC50,7.45,35.7,nM,CHEMBL5729610
ENPP1,CHEMBL5818525,IC50,8.92,1.21,nM,CHEMBL5729610
ENPP1,CHEMBL5926353,IC50,8.32,4.8,nM,CHEMBL5729610
ENPP1,CHEMBL5817302,IC50,7.09,80.7,nM,CHEMBL5729610
ENPP1,CHEMBL5898493,IC50,7.09,81.1,nM,CHEMBL5729610
ENPP1,CHEMBL5822165,IC50,7.74,18.1,nM,CHEMBL5729610
ENPP1,CHEMBL5777245,IC50,9.03,0.94,nM,CHEMBL5729610
ENPP1,CHEMBL5777245,IC50,8.3,4.95,nM,CHEMBL5729610
ENPP1,CHEMBL5777245,IC50,7.75,18.0,nM,CHEMBL5729610
ENPP1,CHEMBL5826130,IC50,9.06,0.87,nM,CHEMBL5729610
ENPP1,CHEMBL5915707,IC50,9.3,0.5,nM,CHEMBL5729610
ENPP1,CHEMBL5826130,IC50,9.66,0.22,nM,CHEMBL5729610
ENPP1,CHEMBL5915707,IC50,7.17,67.4,nM,CHEMBL5729610
ENPP1,CHEMBL5956825,IC50,7.38,41.7,nM,CHEMBL5729610
ENPP1,CHEMBL5959862,IC50,7.99,10.2,nM,CHEMBL5729610
ENPP1,CHEMBL5788273,IC50,7.39,40.5,nM,CHEMBL5729610
ENPP1,CHEMBL5899496,IC50,8.41,3.92,nM,CHEMBL5729610
ENPP1,CHEMBL5953184,IC50,8.01,9.8,nM,CHEMBL5729610
ENPP1,CHEMBL5970822,IC50,7.17,67.1,nM,CHEMBL5729610
ENPP1,CHEMBL6052666,IC50,7.22,60.4,nM,CHEMBL5729610
ENPP1,CHEMBL5816478,IC50,8.75,1.79,nM,CHEMBL5729610
ENPP1,CHEMBL5954349,IC50,7.7,20.1,nM,CHEMBL5729610
ENPP1,CHEMBL5866138,IC50,7.17,68.1,nM,CHEMBL5729610
ENPP1,CHEMBL5813286,IC50,7.62,23.8,nM,CHEMBL5729610
ENPP1,CHEMBL5859913,IC50,8.51,3.06,nM,CHEMBL5729610
ENPP1,CHEMBL5886783,IC50,8.36,4.34,nM,CHEMBL5729610
ENPP1,CHEMBL5870834,IC50,7.54,28.9,nM,CHEMBL5729610
ENPP1,CHEMBL5978512,IC50,8.2,6.38,nM,CHEMBL5729610
ENPP1,CHEMBL5978512,IC50,8.22,5.97,nM,CHEMBL5729610
ENPP1,CHEMBL6047527,IC50,8.11,7.74,nM,CHEMBL5729610
ENPP1,CHEMBL5998856,IC50,7.14,72.0,nM,CHEMBL5729610
ENPP1,CHEMBL5560556,IC50,9.3,0.5,nM,CHEMBL6114998
ENPP1,CHEMBL6163729,IC50,7.39,40.3,nM,CHEMBL6114998
ENPP1,CHEMBL6159893,IC50,7.56,27.6,nM,CHEMBL6114998
ENPP1,CHEMBL6170379,IC50,7.75,18.0,nM,CHEMBL6114998
ENPP1,CHEMBL6152934,IC50,7.02,95.1,nM,CHEMBL6114998
ENPP1,CHEMBL6152665,IC50,8.21,6.22,nM,CHEMBL6114998
ENPP1,CHEMBL6165000,IC50,7.27,53.7,nM,CHEMBL6114998
ENPP1,CHEMBL6133719,IC50,7.83,14.9,nM,CHEMBL6114998
ENPP1,CHEMBL6170766,IC50,7.56,27.7,nM,CHEMBL6114998
ENPP1,CHEMBL6171613,IC50,7.02,95.3,nM,CHEMBL6114998
ENPP1,CHEMBL6168598,IC50,7.62,23.7,nM,CHEMBL6114998
ENPP1,CHEMBL6150961,IC50,7.26,55.5,nM,CHEMBL6114998
ENPP1,CHEMBL6164233,IC50,7.99,10.2,nM,CHEMBL6114998
ENPP1,CHEMBL6175795,IC50,8.42,3.84,nM,CHEMBL6114998
ENPP1,CHEMBL6146109,IC50,7.83,14.9,nM,CHEMBL6114998
ENPP1,CHEMBL6160451,IC50,8.48,3.28,nM,CHEMBL6114998
ENPP1,CHEMBL6163224,IC50,8.09,8.05,nM,CHEMBL6114998
ENPP1,CHEMBL6150796,IC50,7.94,11.6,nM,CHEMBL6114998
ENPP1,CHEMBL6169586,IC50,8.18,6.65,nM,CHEMBL6114998
ENPP1,CHEMBL5560556,IC50,7.3,50.1,nM,CHEMBL6114998
ENPP1,CHEMBL6163729,IC50,8.06,8.62,nM,CHEMBL6114998
ENPP1,CHEMBL6159893,IC50,7.38,42.0,nM,CHEMBL6114998
ENPP1,CHEMBL6170379,IC50,7.97,10.7,nM,CHEMBL6114998
ENPP1,CHEMBL6152665,IC50,7.99,10.3,nM,CHEMBL6114998
ENPP1,CHEMBL6165000,IC50,7.78,16.6,nM,CHEMBL6114998
ENPP1,CHEMBL6133719,IC50,8.3,5.06,nM,CHEMBL6114998
ENPP1,CHEMBL6170766,IC50,8.17,6.78,nM,CHEMBL6114998
ENPP1,CHEMBL6168598,IC50,8.21,6.2,nM,CHEMBL6114998
ENPP1,CHEMBL6150961,IC50,7.63,23.2,nM,CHEMBL6114998
ENPP1,CHEMBL6164233,IC50,8.36,4.41,nM,CHEMBL6114998
ENPP1,CHEMBL6175795,IC50,8.97,1.07,nM,CHEMBL6114998
ENPP1,CHEMBL6146109,IC50,8.54,2.88,nM,CHEMBL6114998
ENPP1,CHEMBL6160451,IC50,8.91,1.23,nM,CHEMBL6114998
ENPP1,CHEMBL6163224,IC50,8.81,1.53,nM,CHEMBL6114998
ENPP1,CHEMBL6150796,IC50,8.73,1.84,nM,CHEMBL6114998
ENPP1,CHEMBL6169586,IC50,9.01,0.97,nM,CHEMBL6114998
ENPP1,CHEMBL5560556,IC50,7.82,15.0,nM,CHEMBL6114998
ENPP1,CHEMBL6163224,IC50,7.38,42.0,nM,CHEMBL6114998
ENPP1,CHEMBL5556506,Ki,7.48,33.0,nM,CHEMBL6114998
ENPP1,CHEMBL5560556,IC50,8.21,6.2,nM,CHEMBL6127053
ENPP1,CHEMBL6174154,IC50,9.7,0.2,nM,CHEMBL6127053
ENPP1,CHEMBL5557547,IC50,8.72,1.9,nM,CHEMBL6127053
ENPP1,CHEMBL6145273,IC50,9.0,1.0,nM,CHEMBL6127053
ENPP1,CHEMBL6160465,IC50,8.74,1.8,nM,CHEMBL6127053
ENPP1,CHEMBL6164747,IC50,8.74,1.8,nM,CHEMBL6127053
ENPP1,CHEMBL6160796,IC50,8.82,1.5,nM,CHEMBL6127053
ENPP1,CHEMBL6149286,IC50,9.2,0.63,nM,CHEMBL6127053
ENPP1,CHEMBL6147702,IC50,8.66,2.2,nM,CHEMBL6127053
ENPP1,CHEMBL6152948,IC50,7.89,13.0,nM,CHEMBL6127053
ENPP1,CHEMBL6172306,IC50,8.66,2.2,nM,CHEMBL6127053
ENPP1,CHEMBL6172085,IC50,8.96,1.1,nM,CHEMBL6127053
ENPP1,CHEMBL6162440,IC50,8.68,2.1,nM,CHEMBL6127053
ENPP1,CHEMBL6173950,IC50,8.6,2.5,nM,CHEMBL6127053
ENPP1,CHEMBL6168098,IC50,7.55,28.0,nM,CHEMBL6127053
ENPP1,CHEMBL6160626,IC50,8.57,2.7,nM,CHEMBL6127053
ENPP1,CHEMBL6148160,IC50,8.4,4.0,nM,CHEMBL6127053
ENPP1,CHEMBL6170272,IC50,8.0,10.0,nM,CHEMBL6127053
ENPP1,CHEMBL6171252,IC50,8.74,1.8,nM,CHEMBL6127053
ENPP1,CHEMBL6164492,IC50,8.92,1.2,nM,CHEMBL6127053
ENPP1,CHEMBL6162534,IC50,8.09,8.2,nM,CHEMBL6127053
ENPP1,CHEMBL6142361,IC50,8.17,6.7,nM,CHEMBL6127053
ENPP1,CHEMBL6151998,IC50,8.96,1.1,nM,CHEMBL6127053
ENPP1,CHEMBL6173019,IC50,8.85,1.4,nM,CHEMBL6127053
ENPP1,CHEMBL6159611,IC50,8.66,2.2,nM,CHEMBL6127053
ENPP1,CHEMBL6171102,IC50,8.92,1.2,nM,CHEMBL6127053
ENPP1,CHEMBL6174760,IC50,7.42,38.0,nM,CHEMBL6127053
ENPP1,CHEMBL6146645,IC50,7.05,89.0,nM,CHEMBL6127053
ENPP1,CHEMBL5566114,IC50,10.0,0.1,nM,CHEMBL6127053
ENPP2,CHEMBL436763,IC50,7.01,97.0,nM,CHEMBL1148595
ENPP2,CHEMBL117021,Ki,7.0,100.0,nM,CHEMBL1154760
ENPP2,CHEMBL1173670,IC50,7.55,28.3,nM,CHEMBL1177728
ENPP2,CHEMBL1173403,IC50,7.92,11.9,nM,CHEMBL1177728
ENPP2,CHEMBL1173671,IC50,8.25,5.67,nM,CHEMBL1177728
ENPP2,CHEMBL1173627,IC50,7.53,29.6,nM,CHEMBL1177728
ENPP2,CHEMBL1172427,IC50,7.17,68.0,nM,CHEMBL1177728
ENPP2,CHEMBL1173535,IC50,7.34,46.0,nM,CHEMBL1177728
ENPP2,CHEMBL1173803,IC50,7.25,56.0,nM,CHEMBL1177728
ENPP2,CHEMBL1632621,Ki,7.03,94.0,nM,CHEMBL1629508
ENPP2,CHEMBL1173671,IC50,8.24,5.7,nM,CHEMBL1800044
ENPP2,CHEMBL1802469,IC50,7.15,71.0,nM,CHEMBL1800044
ENPP2,CHEMBL1802470,IC50,8.0,10.0,nM,CHEMBL1800044
ENPP2,CHEMBL1802471,IC50,8.08,8.3,nM,CHEMBL1800044
ENPP2,CHEMBL1802473,IC50,7.6,25.0,nM,CHEMBL1800044
ENPP2,CHEMBL1802516,IC50,7.58,26.0,nM,CHEMBL1800044
ENPP2,CHEMBL1802517,IC50,8.28,5.3,nM,CHEMBL1800044
ENPP2,CHEMBL1802518,IC50,8.17,6.7,nM,CHEMBL1800044
ENPP2,CHEMBL1802519,IC50,8.14,7.3,nM,CHEMBL1800044
ENPP2,CHEMBL1802520,IC50,7.26,55.0,nM,CHEMBL1800044
ENPP2,CHEMBL1802521,IC50,7.23,59.0,nM,CHEMBL1800044
ENPP2,CHEMBL1818144,Ki,8.05,9.0,nM,CHEMBL1817542
ENPP2,CHEMBL1818145,Ki,7.62,24.0,nM,CHEMBL1817542
ENPP2,CHEMBL1818146,Ki,8.21,6.1,nM,CHEMBL1817542
ENPP2,CHEMBL1818147,Ki,8.09,8.1,nM,CHEMBL1817542
ENPP2,CHEMBL1818148,Ki,7.75,18.0,nM,CHEMBL1817542
ENPP2,CHEMBL1818149,Ki,7.62,24.2,nM,CHEMBL1817542
ENPP2,CHEMBL1818150,Ki,7.14,72.0,nM,CHEMBL1817542
ENPP2,CHEMBL2418930,Ki,7.0,100.0,nM,CHEMBL2417420
ENPP2,CHEMBL3621356,IC50,7.66,22.0,nM,CHEMBL3621086
ENPP2,CHEMBL3828074,IC50,11.0,0.01,nM,CHEMBL3826953
ENPP2,CHEMBL3828074,IC50,7.0,100.0,nM,CHEMBL3826953
ENPP2,CHEMBL3828733,IC50,7.5,31.4,nM,CHEMBL3826953
ENPP2,CHEMBL3828650,IC50,9.0,1.0,nM,CHEMBL3826953
ENPP2,CHEMBL3827513,IC50,8.15,7.0,nM,CHEMBL3826953
ENPP2,CHEMBL3827088,IC50,8.59,2.59,nM,CHEMBL3826953
ENPP2,CHEMBL3827512,IC50,8.7,2.0,nM,CHEMBL3826953
ENPP2,CHEMBL3186509,IC50,8.55,2.8,nM,CHEMBL3826953
ENPP2,CHEMBL3621356,IC50,7.66,22.0,nM,CHEMBL3826953
ENPP2,CHEMBL1889181,IC50,7.4,40.0,nM,CHEMBL3864162
ENPP2,CHEMBL3953575,IC50,7.54,29.0,nM,CHEMBL3864162
ENPP2,CHEMBL3916907,IC50,7.17,68.0,nM,CHEMBL3864162
ENPP2,CHEMBL3907905,IC50,7.77,17.0,nM,CHEMBL3864162
ENPP2,CHEMBL3916898,IC50,8.22,6.0,nM,CHEMBL3864162
ENPP2,CHEMBL3944813,IC50,8.52,3.0,nM,CHEMBL3864162
ENPP2,CHEMBL3889955,IC50,8.7,2.0,nM,CHEMBL3864162
ENPP2,CHEMBL3917975,IC50,9.0,1.0,nM,CHEMBL3864162
ENPP2,CHEMBL3946146,IC50,8.7,2.0,nM,CHEMBL3864162
ENPP2,CHEMBL3907343,IC50,8.0,10.0,nM,CHEMBL3864162
ENPP2,CHEMBL3945659,IC50,7.1,80.0,nM,CHEMBL3864162
ENPP2,CHEMBL3983022,IC50,8.3,5.0,nM,CHEMBL3864162
ENPP2,CHEMBL3954360,IC50,7.41,39.0,nM,CHEMBL3864162
ENPP2,CHEMBL3917466,IC50,8.7,2.0,nM,CHEMBL3864162
ENPP2,CHEMBL3964183,IC50,8.0,10.0,nM,CHEMBL3864162
ENPP2,CHEMBL3912114,IC50,8.52,3.0,nM,CHEMBL3864162
ENPP2,CHEMBL3982059,IC50,8.1,8.0,nM,CHEMBL3864162
ENPP2,CHEMBL3934551,IC50,7.28,52.0,nM,CHEMBL3864162
ENPP2,CHEMBL3186509,IC50,8.52,3.0,nM,CHEMBL3864162
ENPP2,CHEMBL3889955,IC50,7.8,16.0,nM,CHEMBL3864162
ENPP2,CHEMBL3917975,IC50,7.85,14.0,nM,CHEMBL3864162
ENPP2,CHEMBL3946146,IC50,7.36,44.0,nM,CHEMBL3864162
ENPP2,CHEMBL3926932,IC50,7.58,26.0,nM,CHEMBL3864162
ENPP2,CHEMBL3983022,IC50,7.0,99.0,nM,CHEMBL3864162
ENPP2,CHEMBL3917466,IC50,7.72,19.0,nM,CHEMBL3864162
ENPP2,CHEMBL3912114,IC50,7.47,34.0,nM,CHEMBL3864162
ENPP2,CHEMBL3982059,IC50,7.5,32.0,nM,CHEMBL3864162
ENPP2,CHEMBL3917975,IC50,7.42,38.0,nM,CHEMBL3864162
ENPP2,CHEMBL3917975,EC50,7.6,25.0,nM,CHEMBL3864162
ENPP2,CHEMBL3926932,IC50,8.3,5.0,nM,CHEMBL3864162
ENPP2,CHEMBL3677647,IC50,7.47,34.0,nM,CHEMBL3638851
ENPP2,CHEMBL3677648,IC50,7.04,91.0,nM,CHEMBL3638851
ENPP2,CHEMBL3677649,IC50,7.8,16.0,nM,CHEMBL3638851
ENPP2,CHEMBL3677650,IC50,8.02,9.6,nM,CHEMBL3638851
ENPP2,CHEMBL3677651,IC50,8.17,6.7,nM,CHEMBL3638851
ENPP2,CHEMBL3677652,IC50,7.08,83.0,nM,CHEMBL3638851
ENPP2,CHEMBL3677653,IC50,8.3,5.0,nM,CHEMBL3638851
ENPP2,CHEMBL3677654,IC50,7.96,11.0,nM,CHEMBL3638851
ENPP2,CHEMBL3677655,IC50,7.96,11.0,nM,CHEMBL3638851
ENPP2,CHEMBL3677656,IC50,7.89,13.0,nM,CHEMBL3638851
ENPP2,CHEMBL3677658,IC50,7.46,35.0,nM,CHEMBL3638851
ENPP2,CHEMBL3677659,IC50,7.58,26.0,nM,CHEMBL3638851
ENPP2,CHEMBL3677660,IC50,7.6,25.0,nM,CHEMBL3638851
ENPP2,CHEMBL3677661,IC50,8.11,7.8,nM,CHEMBL3638851
ENPP2,CHEMBL3897178,IC50,7.85,14.0,nM,CHEMBL3886559
ENPP2,CHEMBL3971846,IC50,7.6,24.9,nM,CHEMBL3886559
ENPP2,CHEMBL3985977,IC50,7.42,37.6,nM,CHEMBL3886559
ENPP2,CHEMBL3957300,IC50,7.19,65.2,nM,CHEMBL3886559
ENPP2,CHEMBL3980887,IC50,7.16,69.5,nM,CHEMBL3886559
ENPP2,CHEMBL3948632,IC50,7.13,73.8,nM,CHEMBL3886559
ENPP2,CHEMBL3972860,IC50,7.05,89.2,nM,CHEMBL3886559
ENPP2,CHEMBL3943299,IC50,7.0,100.0,nM,CHEMBL3886559
ENPP2,CHEMBL3918144,IC50,8.35,4.5,nM,CHEMBL3886742
ENPP2,CHEMBL3926737,IC50,8.0,10.0,nM,CHEMBL3886742
ENPP2,CHEMBL3897498,IC50,8.1,8.0,nM,CHEMBL3886742
ENPP2,CHEMBL3889650,IC50,8.29,5.1,nM,CHEMBL3886742
ENPP2,CHEMBL3982922,IC50,7.55,28.0,nM,CHEMBL3886742
ENPP2,CHEMBL3933325,IC50,8.31,4.9,nM,CHEMBL3886742
ENPP2,CHEMBL3967509,IC50,7.8,16.0,nM,CHEMBL3886742
ENPP2,CHEMBL3905272,IC50,7.92,12.0,nM,CHEMBL3886742
ENPP2,CHEMBL3898350,IC50,7.77,17.0,nM,CHEMBL3886742
ENPP2,CHEMBL3966234,IC50,8.42,3.8,nM,CHEMBL3886742
ENPP2,CHEMBL3987170,IC50,8.27,5.4,nM,CHEMBL3886742
ENPP2,CHEMBL3958484,IC50,8.08,8.4,nM,CHEMBL3886742
ENPP2,CHEMBL3940971,IC50,7.85,14.0,nM,CHEMBL3886742
ENPP2,CHEMBL3895050,IC50,7.21,62.0,nM,CHEMBL3886871
ENPP2,CHEMBL3895225,IC50,7.55,28.0,nM,CHEMBL3886871
ENPP2,CHEMBL3919909,IC50,7.29,51.0,nM,CHEMBL3886871
ENPP2,CHEMBL3917042,IC50,7.54,29.0,nM,CHEMBL3886871
ENPP2,CHEMBL3827512,IC50,8.7,2.0,nM,CHEMBL3886871
ENPP2,CHEMBL3978525,IC50,7.03,94.0,nM,CHEMBL3886871
ENPP2,CHEMBL3906229,IC50,8.52,3.0,nM,CHEMBL3886871
ENPP2,CHEMBL3890736,IC50,8.4,4.0,nM,CHEMBL3886871
ENPP2,CHEMBL3931791,IC50,7.17,68.0,nM,CHEMBL3886871
ENPP2,CHEMBL3954015,IC50,7.26,55.0,nM,CHEMBL3886871
ENPP2,CHEMBL3950696,IC50,7.68,21.0,nM,CHEMBL3886871
ENPP2,CHEMBL3951756,IC50,7.11,77.0,nM,CHEMBL3886871
ENPP2,CHEMBL3943568,IC50,7.75,18.0,nM,CHEMBL3886871
ENPP2,CHEMBL3958589,IC50,8.1,8.0,nM,CHEMBL3886871
ENPP2,CHEMBL3935803,IC50,7.32,48.0,nM,CHEMBL3886871
ENPP2,CHEMBL3929207,IC50,7.92,12.0,nM,CHEMBL3886871
ENPP2,CHEMBL3907952,IC50,8.22,6.0,nM,CHEMBL3886871
ENPP2,CHEMBL3930492,IC50,7.38,42.0,nM,CHEMBL3886871
ENPP2,CHEMBL3902501,IC50,7.4,40.0,nM,CHEMBL3886871
ENPP2,CHEMBL3925811,IC50,7.06,87.0,nM,CHEMBL3886871
ENPP2,CHEMBL3916809,IC50,8.0,10.0,nM,CHEMBL3886871
ENPP2,CHEMBL3986548,IC50,7.77,17.0,nM,CHEMBL3886871
ENPP2,CHEMBL3971191,IC50,7.62,24.0,nM,CHEMBL3886871
ENPP2,CHEMBL3970689,IC50,8.15,7.0,nM,CHEMBL3886871
ENPP2,CHEMBL3899533,IC50,7.82,15.0,nM,CHEMBL3886871
ENPP2,CHEMBL3954222,IC50,8.3,5.0,nM,CHEMBL3886871
ENPP2,CHEMBL3908584,IC50,8.52,3.0,nM,CHEMBL3886871
ENPP2,CHEMBL3954335,IC50,8.1,8.0,nM,CHEMBL3886871
ENPP2,CHEMBL3982999,IC50,7.58,26.0,nM,CHEMBL3886871
ENPP2,CHEMBL3959644,IC50,8.4,4.0,nM,CHEMBL3886871
ENPP2,CHEMBL3894127,IC50,8.4,4.0,nM,CHEMBL3886871
ENPP2,CHEMBL4096134,IC50,7.5,32.0,nM,CHEMBL3997796
ENPP2,CHEMBL4085965,IC50,8.05,9.0,nM,CHEMBL3997796
ENPP2,CHEMBL4082022,IC50,7.08,84.0,nM,CHEMBL3997796
ENPP2,CHEMBL4060128,IC50,7.4,40.0,nM,CHEMBL3997796
ENPP2,CHEMBL4079588,IC50,7.75,18.0,nM,CHEMBL3997796
ENPP2,CHEMBL4073772,IC50,7.16,70.0,nM,CHEMBL3997796
ENPP2,CHEMBL4094366,IC50,7.46,35.0,nM,CHEMBL3997796
ENPP2,CHEMBL4099620,IC50,7.01,98.0,nM,CHEMBL3997796
ENPP2,CHEMBL4097500,IC50,7.17,67.0,nM,CHEMBL3997796
ENPP2,CHEMBL4080953,IC50,7.25,56.0,nM,CHEMBL3997796
ENPP2,CHEMBL4105201,IC50,7.0,100.0,nM,CHEMBL3997796
ENPP2,CHEMBL3828074,IC50,7.0,100.0,nM,CHEMBL3997796
ENPP2,CHEMBL4073215,IC50,8.3,5.0,nM,CHEMBL4000180
ENPP2,CHEMBL4063573,IC50,7.0,100.0,nM,CHEMBL4000180
ENPP2,CHEMBL4065406,IC50,7.12,75.0,nM,CHEMBL4000180
ENPP2,CHEMBL4086837,IC50,7.07,85.0,nM,CHEMBL4000180
ENPP2,CHEMBL3827757,IC50,7.66,22.0,nM,CHEMBL4000180
ENPP2,CHEMBL4102520,IC50,7.05,89.0,nM,CHEMBL4000180
ENPP2,CHEMBL4078251,IC50,7.48,33.0,nM,CHEMBL4000180
ENPP2,CHEMBL3827757,IC50,8.4,4.0,nM,CHEMBL4000180
ENPP2,CHEMBL4073328,IC50,7.6,25.0,nM,CHEMBL4000180
ENPP2,CHEMBL4086837,IC50,7.6,25.0,nM,CHEMBL4000180
ENPP2,CHEMBL4090230,IC50,7.51,31.0,nM,CHEMBL4000180
ENPP2,CHEMBL4073215,IC50,7.09,81.0,nM,CHEMBL4000180
ENPP2,CHEMBL4093897,IC50,7.96,11.0,nM,CHEMBL4000180
ENPP2,CHEMBL3621356,IC50,7.66,22.0,nM,CHEMBL4000180
ENPP2,CHEMBL4102874,IC50,8.7,2.0,nM,CHEMBL4000180
ENPP2,CHEMBL3186509,IC50,8.55,2.8,nM,CHEMBL4000180
ENPP2,CHEMBL3186509,IC50,8.52,3.0,nM,CHEMBL4004833
ENPP2,CHEMBL4062929,Ki,8.22,6.0,nM,CHEMBL4004833
ENPP2,CHEMBL4062929,IC50,7.7,20.0,nM,CHEMBL4004833
ENPP2,CHEMBL4093316,IC50,7.0,100.0,nM,CHEMBL4004833
ENPP2,CHEMBL4063386,IC50,8.0,10.0,nM,CHEMBL4028806
ENPP2,CHEMBL4061747,IC50,7.57,27.0,nM,CHEMBL4038326
ENPP2,CHEMBL4073638,IC50,8.3,5.0,nM,CHEMBL4038326
ENPP2,CHEMBL4100462,IC50,8.7,2.0,nM,CHEMBL4038326
ENPP2,CHEMBL4084005,IC50,8.1,8.0,nM,CHEMBL4038326
ENPP2,CHEMBL4062291,IC50,8.05,9.0,nM,CHEMBL4038326
ENPP2,CHEMBL4091774,IC50,7.92,12.0,nM,CHEMBL4038326
ENPP2,CHEMBL4061747,IC50,7.57,27.0,nM,CHEMBL4038326
ENPP2,CHEMBL4100092,IC50,7.07,86.0,nM,CHEMBL4038326
ENPP2,CHEMBL3186509,IC50,7.0,101.0,nM,CHEMBL4043308
ENPP2,CHEMBL4096364,IC50,7.22,60.0,nM,CHEMBL4049443
ENPP2,CHEMBL4084282,IC50,7.58,26.0,nM,CHEMBL4049443
ENPP2,CHEMBL4061747,IC50,7.57,27.0,nM,CHEMBL4049443
ENPP2,CHEMBL3828074,Ki,7.82,15.0,nM,CHEMBL4049443
ENPP2,CHEMBL4064505,IC50,7.99,10.3,nM,CHEMBL4052794
ENPP2,CHEMBL4099035,IC50,7.86,13.67,nM,CHEMBL4052794
ENPP2,CHEMBL4087949,IC50,8.35,4.47,nM,CHEMBL4052794
ENPP2,CHEMBL4065817,IC50,8.52,2.99,nM,CHEMBL4052794
ENPP2,CHEMBL4092264,IC50,8.66,2.19,nM,CHEMBL4052794
ENPP2,CHEMBL4102606,IC50,7.2,63.29,nM,CHEMBL4052794
ENPP2,CHEMBL4083514,IC50,7.52,30.25,nM,CHEMBL4052794
ENPP2,CHEMBL4092264,IC50,7.82,14.99,nM,CHEMBL4052794
ENPP2,CHEMBL4072746,IC50,7.12,75.9,nM,CHEMBL4052794
ENPP2,CHEMBL3186509,IC50,8.77,1.7,nM,CHEMBL4052794
ENPP2,CHEMBL3186509,IC50,8.55,2.8,nM,CHEMBL4052794
ENPP2,CHEMBL3925648,IC50,7.07,86.0,nM,CHEMBL4118209
ENPP2,CHEMBL4127145,IC50,7.75,18.0,nM,CHEMBL4118209
ENPP2,CHEMBL4129507,IC50,8.1,8.0,nM,CHEMBL4118209
ENPP2,CHEMBL4128124,IC50,8.41,3.9,nM,CHEMBL4118209
ENPP2,CHEMBL4126051,IC50,8.0,10.0,nM,CHEMBL4118209
ENPP2,CHEMBL3186509,IC50,8.96,1.1,nM,CHEMBL4118209
ENPP2,CHEMBL3931791,IC50,7.6,25.0,nM,CHEMBL4118209
ENPP2,CHEMBL3906229,IC50,8.38,4.2,nM,CHEMBL4118209
ENPP2,CHEMBL3827512,IC50,8.51,3.1,nM,CHEMBL4118209
ENPP2,CHEMBL3827512,IC50,8.05,9.0,nM,CHEMBL4118209
ENPP2,CHEMBL3978525,IC50,7.03,93.0,nM,CHEMBL4118209
ENPP2,CHEMBL3890736,IC50,8.46,3.5,nM,CHEMBL4118209
ENPP2,CHEMBL3902501,IC50,7.41,39.0,nM,CHEMBL4118209
ENPP2,CHEMBL3954015,IC50,7.26,55.0,nM,CHEMBL4118209
ENPP2,CHEMBL3958589,IC50,8.11,7.7,nM,CHEMBL4118209
ENPP2,CHEMBL4165749,IC50,8.66,2.2,nM,CHEMBL4138254
ENPP2,CHEMBL4165749,IC50,7.54,29.0,nM,CHEMBL4138254
ENPP2,CHEMBL3186509,IC50,8.52,3.0,nM,CHEMBL4138254
ENPP2,CHEMBL4217352,IC50,8.89,1.3,nM,CHEMBL4196035
ENPP2,CHEMBL4217352,IC50,8.1,7.9,nM,CHEMBL4196035
ENPP2,CHEMBL4092264,IC50,7.82,14.99,nM,CHEMBL4196035
ENPP2,CHEMBL4214731,IC50,8.56,2.78,nM,CHEMBL4196035
ENPP2,CHEMBL4203076,IC50,8.51,3.12,nM,CHEMBL4196035
ENPP2,CHEMBL4211269,IC50,7.4,39.6,nM,CHEMBL4196035
ENPP2,CHEMBL4208368,IC50,7.13,73.5,nM,CHEMBL4196035
ENPP2,CHEMBL4217352,IC50,8.66,2.18,nM,CHEMBL4196035
ENPP2,CHEMBL4212398,IC50,7.58,26.5,nM,CHEMBL4196035
ENPP2,CHEMBL4205127,IC50,8.28,5.22,nM,CHEMBL4196035
ENPP2,CHEMBL4216825,IC50,7.26,54.7,nM,CHEMBL4196035
ENPP2,CHEMBL4214731,IC50,8.78,1.67,nM,CHEMBL4196035
ENPP2,CHEMBL4203076,IC50,8.71,1.97,nM,CHEMBL4196035
ENPP2,CHEMBL4211269,IC50,8.75,1.79,nM,CHEMBL4196035
ENPP2,CHEMBL4216236,IC50,8.48,3.29,nM,CHEMBL4196035
ENPP2,CHEMBL4206899,IC50,8.15,7.13,nM,CHEMBL4196035
ENPP2,CHEMBL4209155,IC50,8.14,7.17,nM,CHEMBL4196035
ENPP2,CHEMBL4203499,IC50,8.05,8.9,nM,CHEMBL4196035
ENPP2,CHEMBL4208368,IC50,8.34,4.62,nM,CHEMBL4196035
ENPP2,CHEMBL4215710,IC50,7.73,18.72,nM,CHEMBL4196035
ENPP2,CHEMBL4204027,IC50,8.07,8.44,nM,CHEMBL4196035
ENPP2,CHEMBL4217352,IC50,8.91,1.23,nM,CHEMBL4196035
ENPP2,CHEMBL4212398,IC50,8.76,1.75,nM,CHEMBL4196035
ENPP2,CHEMBL4205127,IC50,8.87,1.36,nM,CHEMBL4196035
ENPP2,CHEMBL4216825,IC50,8.43,3.71,nM,CHEMBL4196035
ENPP2,CHEMBL4529959,IC50,8.38,4.2,nM,CHEMBL4402579
ENPP2,CHEMBL4540122,IC50,7.89,13.0,nM,CHEMBL4402579
ENPP2,CHEMBL4466454,IC50,7.52,30.0,nM,CHEMBL4402579
ENPP2,CHEMBL3186509,IC50,8.55,2.8,nM,CHEMBL4431364
ENPP2,CHEMBL4462537,IC50,8.0,10.0,nM,CHEMBL4431396
ENPP2,CHEMBL4454442,IC50,8.32,4.8,nM,CHEMBL4431396
ENPP2,CHEMBL4446322,IC50,7.62,24.0,nM,CHEMBL4431396
ENPP2,CHEMBL4561467,IC50,7.1,79.0,nM,CHEMBL4431396
ENPP2,CHEMBL4453084,IC50,8.66,2.2,nM,CHEMBL4431396
ENPP2,CHEMBL4549771,IC50,8.6,2.5,nM,CHEMBL4431396
ENPP2,CHEMBL4476558,IC50,8.55,2.8,nM,CHEMBL4431396
ENPP2,CHEMBL4472840,IC50,7.7,19.8,nM,CHEMBL4431396
ENPP2,CHEMBL4458386,IC50,7.28,52.3,nM,CHEMBL4431396
ENPP2,CHEMBL4569141,IC50,8.4,4.0,nM,CHEMBL4431396
ENPP2,CHEMBL3186509,IC50,8.08,8.4,nM,CHEMBL4431396
ENPP2,CHEMBL4549771,IC50,7.38,42.0,nM,CHEMBL4431396
ENPP2,CHEMBL4453084,IC50,8.2,6.3,nM,CHEMBL4431396
ENPP2,CHEMBL4561467,IC50,7.04,92.0,nM,CHEMBL4431396
ENPP2,CHEMBL3186509,IC50,7.0,100.0,nM,CHEMBL4431396
ENPP2,CHEMBL3186509,IC50,7.36,44.0,nM,CHEMBL4431396
ENPP2,CHEMBL4472840,IC50,7.06,87.4,nM,CHEMBL4431396
ENPP2,CHEMBL4476558,IC50,8.22,6.0,nM,CHEMBL4431396
ENPP2,CHEMBL4448598,IC50,8.66,2.2,nM,CHEMBL4431396
ENPP2,CHEMBL4454442,IC50,8.14,7.2,nM,CHEMBL4431396
ENPP2,CHEMBL4462537,IC50,7.47,34.0,nM,CHEMBL4431396
ENPP2,CHEMBL4639517,IC50,8.7,2.0,nM,CHEMBL4610127
ENPP2,CHEMBL4645846,IC50,8.46,3.5,nM,CHEMBL4610127
ENPP2,CHEMBL4635769,IC50,8.8,1.6,nM,CHEMBL4610127
ENPP2,CHEMBL4648587,IC50,8.66,2.2,nM,CHEMBL4610127
ENPP2,CHEMBL4633392,IC50,8.7,2.0,nM,CHEMBL4610127
ENPP2,CHEMBL4636208,IC50,7.26,55.0,nM,CHEMBL4610127
ENPP2,CHEMBL4639517,IC50,7.07,86.0,nM,CHEMBL4610127
ENPP2,CHEMBL4635769,IC50,7.25,56.0,nM,CHEMBL4610127
ENPP2,CHEMBL4644570,IC50,7.47,34.0,nM,CHEMBL4610127
ENPP2,CHEMBL4640236,IC50,7.87,13.4,nM,CHEMBL4610127
ENPP2,CHEMBL4644106,IC50,7.0,100.0,nM,CHEMBL4610127
ENPP2,CHEMBL4649125,IC50,7.51,31.0,nM,CHEMBL4610127
ENPP2,CHEMBL4642547,IC50,7.42,38.0,nM,CHEMBL4610127
ENPP2,CHEMBL4649782,IC50,7.34,46.0,nM,CHEMBL4610127
ENPP2,CHEMBL4636208,IC50,7.85,14.0,nM,CHEMBL4610127
ENPP2,CHEMBL4639039,IC50,7.51,30.7,nM,CHEMBL4613326
ENPP2,CHEMBL4641011,IC50,7.67,21.3,nM,CHEMBL4613326
ENPP2,CHEMBL4644515,IC50,7.2,62.7,nM,CHEMBL4613326
ENPP2,CHEMBL4640012,IC50,9.37,0.43,nM,CHEMBL4613326
ENPP2,CHEMBL4633587,IC50,7.46,34.7,nM,CHEMBL4613326
ENPP2,CHEMBL4643937,IC50,7.43,36.9,nM,CHEMBL4613326
ENPP2,CHEMBL4647222,IC50,9.0,1.01,nM,CHEMBL4613326
ENPP2,CHEMBL4643433,IC50,7.47,34.1,nM,CHEMBL4613326
ENPP2,CHEMBL4644036,IC50,7.8,15.7,nM,CHEMBL4613326
ENPP2,CHEMBL4634620,IC50,7.16,69.4,nM,CHEMBL4613326
ENPP2,CHEMBL3828074,IC50,8.89,1.3,nM,CHEMBL4613326
ENPP2,CHEMBL3186509,IC50,8.57,2.7,nM,CHEMBL4613326
ENPP2,CHEMBL4086925,IC50,7.22,60.0,nM,CHEMBL4613326
ENPP2,CHEMBL3186509,IC50,8.55,2.8,nM,CHEMBL4613326
ENPP2,CHEMBL4640625,IC50,7.3,50.0,nM,CHEMBL4616716
ENPP2,CHEMBL4649090,IC50,7.62,24.0,nM,CHEMBL4616716
ENPP2,CHEMBL4634784,IC50,7.77,17.0,nM,CHEMBL4616716
ENPP2,CHEMBL4643425,IC50,7.0,100.0,nM,CHEMBL4616716
ENPP2,CHEMBL4645794,IC50,7.55,28.0,nM,CHEMBL4616716
ENPP2,CHEMBL4639112,IC50,7.54,29.0,nM,CHEMBL4616716
ENPP2,CHEMBL4642470,IC50,7.77,17.0,nM,CHEMBL4616716
ENPP2,CHEMBL4634540,IC50,7.72,19.0,nM,CHEMBL4616716
ENPP2,CHEMBL3940971,IC50,7.85,14.0,nM,CHEMBL4616716
ENPP2,CHEMBL4643803,IC50,7.66,22.0,nM,CHEMBL4616716
ENPP2,CHEMBL4634102,IC50,8.05,9.0,nM,CHEMBL4616716
ENPP2,CHEMBL4634704,IC50,7.96,11.0,nM,CHEMBL4616716
ENPP2,CHEMBL4647102,IC50,7.92,12.0,nM,CHEMBL4616716
ENPP2,CHEMBL4649390,IC50,8.0,10.0,nM,CHEMBL4616716
ENPP2,CHEMBL4634540,IC50,7.8,16.0,nM,CHEMBL4616716
ENPP2,CHEMBL3940971,IC50,8.14,7.3,nM,CHEMBL4616716
ENPP2,CHEMBL4643803,IC50,7.6,25.0,nM,CHEMBL4616716
ENPP2,CHEMBL4634102,IC50,8.09,8.1,nM,CHEMBL4616716
ENPP2,CHEMBL4634704,IC50,8.1,7.9,nM,CHEMBL4616716
ENPP2,CHEMBL4647102,IC50,8.21,6.1,nM,CHEMBL4616716
ENPP2,CHEMBL4649390,IC50,8.26,5.5,nM,CHEMBL4616716
ENPP2,CHEMBL4794562,IC50,7.92,12.0,nM,CHEMBL4673273
ENPP2,CHEMBL4761729,IC50,7.8,16.0,nM,CHEMBL4673273
ENPP2,CHEMBL4780722,IC50,8.24,5.8,nM,CHEMBL4673273
ENPP2,CHEMBL4751607,IC50,8.02,9.5,nM,CHEMBL4673273
ENPP2,CHEMBL4794562,IC50,8.1,8.0,nM,CHEMBL4673273
ENPP2,CHEMBL4795515,IC50,7.89,13.0,nM,CHEMBL4673273
ENPP2,CHEMBL4779450,IC50,7.22,60.0,nM,CHEMBL4673273
ENPP2,CHEMBL4780243,IC50,7.22,60.0,nM,CHEMBL4673273
ENPP2,CHEMBL4794205,IC50,8.1,7.9,nM,CHEMBL4673273
ENPP2,CHEMBL4764982,IC50,7.52,30.0,nM,CHEMBL4673273
ENPP2,CHEMBL4793854,IC50,7.47,34.0,nM,CHEMBL4673273
ENPP2,CHEMBL4747057,IC50,7.58,26.0,nM,CHEMBL4673273
ENPP2,CHEMBL4782227,IC50,7.19,64.0,nM,CHEMBL4673273
ENPP2,CHEMBL4779944,IC50,8.23,5.9,nM,CHEMBL4673273
ENPP2,CHEMBL4794343,IC50,8.04,9.2,nM,CHEMBL4673273
ENPP2,CHEMBL4783839,IC50,7.7,20.0,nM,CHEMBL4673273
ENPP2,CHEMBL4740639,IC50,7.02,95.0,nM,CHEMBL4673273
ENPP2,CHEMBL4748162,IC50,7.72,19.0,nM,CHEMBL4673273
ENPP2,CHEMBL4790906,IC50,7.75,18.0,nM,CHEMBL4673273
ENPP2,CHEMBL4786202,IC50,8.23,5.9,nM,CHEMBL4673273
ENPP2,CHEMBL4781284,IC50,7.8,16.0,nM,CHEMBL4673273
ENPP2,CHEMBL4790845,IC50,8.02,9.6,nM,CHEMBL4673273
ENPP2,CHEMBL4758991,IC50,7.62,24.2,nM,CHEMBL4706481
ENPP2,CHEMBL4793968,IC50,7.36,43.8,nM,CHEMBL4706481
ENPP2,CHEMBL4748324,IC50,7.5,31.3,nM,CHEMBL4706481
ENPP2,CHEMBL4744073,IC50,7.68,21.0,nM,CHEMBL4706481
ENPP2,CHEMBL4787187,IC50,7.54,29.1,nM,CHEMBL4706481
ENPP2,CHEMBL4797812,IC50,7.46,34.7,nM,CHEMBL4706481
ENPP2,CHEMBL4750860,IC50,7.52,30.2,nM,CHEMBL4706481
ENPP2,CHEMBL4787461,IC50,7.56,27.5,nM,CHEMBL4706481
ENPP2,CHEMBL4788920,IC50,7.45,35.3,nM,CHEMBL4706481
ENPP2,CHEMBL4745544,IC50,7.38,41.2,nM,CHEMBL4706481
ENPP2,CHEMBL4780302,IC50,7.57,26.9,nM,CHEMBL4706481
ENPP2,CHEMBL4746928,IC50,7.45,35.8,nM,CHEMBL4706481
ENPP2,CHEMBL4745233,IC50,7.82,15.3,nM,CHEMBL4706481
ENPP2,CHEMBL4753611,IC50,7.47,33.9,nM,CHEMBL4706481
ENPP2,CHEMBL4227281,IC50,7.54,29.1,nM,CHEMBL4706481
ENPP2,CHEMBL3827088,IC50,7.98,10.4,nM,CHEMBL4706481
ENPP2,CHEMBL3827088,IC50,7.54,29.1,nM,CHEMBL4706481
ENPP2,CHEMBL4788435,IC50,8.82,1.5,nM,CHEMBL4706722
ENPP2,CHEMBL4745566,IC50,8.8,1.6,nM,CHEMBL4706722
ENPP2,CHEMBL4743845,IC50,8.72,1.9,nM,CHEMBL4706722
ENPP2,CHEMBL4758133,IC50,8.74,1.8,nM,CHEMBL4706722
ENPP2,CHEMBL4784419,IC50,8.72,1.9,nM,CHEMBL4706722
ENPP2,CHEMBL4751395,IC50,8.74,1.8,nM,CHEMBL4706722
ENPP2,CHEMBL4787006,IC50,7.88,13.1,nM,CHEMBL4715857
ENPP2,CHEMBL4754625,IC50,7.0,101.0,nM,CHEMBL4715857
ENPP2,CHEMBL4744849,IC50,8.64,2.3,nM,CHEMBL4715857
ENPP2,CHEMBL3828074,IC50,8.51,3.1,nM,CHEMBL4715857
ENPP2,CHEMBL4746361,IC50,8.22,6.0,nM,CHEMBL4725456
ENPP2,CHEMBL4759980,IC50,8.7,2.0,nM,CHEMBL4725456
ENPP2,CHEMBL4760475,IC50,8.4,4.0,nM,CHEMBL4725456
ENPP2,CHEMBL4796631,IC50,8.4,4.0,nM,CHEMBL4725456
ENPP2,CHEMBL4794512,IC50,8.52,3.0,nM,CHEMBL4725456
ENPP2,CHEMBL4784550,IC50,8.1,8.0,nM,CHEMBL4725456
ENPP2,CHEMBL4792073,IC50,8.4,4.0,nM,CHEMBL4725456
ENPP2,CHEMBL4794512,IC50,7.48,33.0,nM,CHEMBL4725456
ENPP2,CHEMBL4796631,IC50,8.05,9.0,nM,CHEMBL4725456
ENPP2,CHEMBL4759980,IC50,7.26,55.0,nM,CHEMBL4725456
ENPP2,CHEMBL4746361,IC50,7.34,46.0,nM,CHEMBL4725456
ENPP2,CHEMBL4783483,IC50,7.14,72.0,nM,CHEMBL4765354
ENPP2,CHEMBL4781471,IC50,8.68,2.1,nM,CHEMBL4765354
ENPP2,CHEMBL4789880,IC50,7.24,57.0,nM,CHEMBL4765354
ENPP2,CHEMBL4797813,IC50,7.72,19.0,nM,CHEMBL4765354
ENPP2,CHEMBL3828074,IC50,8.43,3.7,nM,CHEMBL4765354
ENPP2,CHEMBL3186509,IC50,8.37,4.3,nM,CHEMBL4765354
ENPP2,CHEMBL3828074,IC50,8.54,2.9,nM,CHEMBL4808244
ENPP2,CHEMBL4854624,IC50,7.96,10.97,nM,CHEMBL4808244
ENPP2,CHEMBL4874879,IC50,7.1,79.1,nM,CHEMBL4808244
ENPP2,CHEMBL4858390,IC50,8.76,1.72,nM,CHEMBL4808244
ENPP2,CHEMBL4850086,IC50,7.14,71.7,nM,CHEMBL4808244
ENPP2,CHEMBL4878631,IC50,8.13,7.41,nM,CHEMBL4808244
ENPP2,CHEMBL4879002,IC50,8.27,5.43,nM,CHEMBL4808244
ENPP2,CHEMBL4869326,IC50,8.04,9.17,nM,CHEMBL4808244
ENPP2,CHEMBL4853577,IC50,7.93,11.7,nM,CHEMBL4808244
ENPP2,CHEMBL4647222,IC50,9.0,1.01,nM,CHEMBL4808244
ENPP2,CHEMBL4867860,IC50,8.6,2.5,nM,CHEMBL4825717
ENPP2,CHEMBL4867383,IC50,8.47,3.4,nM,CHEMBL4825717
ENPP2,CHEMBL4877694,IC50,8.66,2.2,nM,CHEMBL4825717
ENPP2,CHEMBL4858728,IC50,8.59,2.6,nM,CHEMBL4825717
ENPP2,CHEMBL4855996,IC50,8.62,2.4,nM,CHEMBL4825717
ENPP2,CHEMBL4851047,IC50,8.47,3.4,nM,CHEMBL4825717
ENPP2,CHEMBL4858196,IC50,7.55,28.0,nM,CHEMBL4825722
ENPP2,CHEMBL4868783,IC50,7.42,38.0,nM,CHEMBL4825722
ENPP2,CHEMBL4871067,IC50,8.09,8.2,nM,CHEMBL4825722
ENPP2,CHEMBL4859055,IC50,7.0,100.0,nM,CHEMBL4825722
ENPP2,CHEMBL4872157,IC50,8.44,3.6,nM,CHEMBL4825722
ENPP2,CHEMBL4850429,IC50,8.85,1.4,nM,CHEMBL4825722
ENPP2,CHEMBL4871014,IC50,9.0,1.0,nM,CHEMBL4825722
ENPP2,CHEMBL4165749,IC50,8.66,2.2,nM,CHEMBL4507275
ENPP2,CHEMBL4165749,IC50,7.54,29.0,nM,CHEMBL4507275
ENPP2,CHEMBL4084282,Ki,7.52,30.0,nM,CHEMBL5030559
ENPP2,CHEMBL5088215,Ki,7.39,41.0,nM,CHEMBL5030559
ENPP2,CHEMBL5084058,Ki,7.82,15.0,nM,CHEMBL5030559
ENPP2,CHEMBL5091502,Ki,7.85,14.0,nM,CHEMBL5030559
ENPP2,CHEMBL5078471,Ki,7.5,32.0,nM,CHEMBL5030559
ENPP2,CHEMBL5076928,Ki,7.82,15.0,nM,CHEMBL5030559
ENPP2,CHEMBL5088520,Ki,7.82,15.0,nM,CHEMBL5030559
ENPP2,CHEMBL5093347,Ki,8.15,7.0,nM,CHEMBL5030559
ENPP2,CHEMBL5084424,Ki,7.85,14.0,nM,CHEMBL5030559
ENPP2,CHEMBL5085520,Ki,7.89,13.0,nM,CHEMBL5030559
ENPP2,CHEMBL5088371,Ki,7.77,17.0,nM,CHEMBL5030559
ENPP2,CHEMBL5094730,Ki,7.72,19.0,nM,CHEMBL5030559
ENPP2,CHEMBL3827088,IC50,8.59,2.59,nM,CHEMBL5126509
ENPP2,CHEMBL5170351,IC50,8.24,5.7,nM,CHEMBL5131395
ENPP2,CHEMBL5202002,IC50,7.76,17.3,nM,CHEMBL5131395
ENPP2,CHEMBL4637219,IC50,7.82,15.1,nM,CHEMBL5131395
ENPP2,CHEMBL5183599,IC50,9.39,0.41,nM,CHEMBL5131395
ENPP2,CHEMBL5197507,IC50,8.12,7.6,nM,CHEMBL5131395
ENPP2,CHEMBL5202031,IC50,8.49,3.2,nM,CHEMBL5131395
ENPP2,CHEMBL5184482,IC50,7.6,25.1,nM,CHEMBL5131395
ENPP2,CHEMBL5174164,IC50,7.5,31.7,nM,CHEMBL5131395
ENPP2,CHEMBL5200277,IC50,7.46,35.1,nM,CHEMBL5131395
ENPP2,CHEMBL5171065,IC50,7.18,65.4,nM,CHEMBL5131395
ENPP2,CHEMBL5200511,IC50,7.49,32.1,nM,CHEMBL5131395
ENPP2,CHEMBL5203510,IC50,7.47,34.2,nM,CHEMBL5131395
ENPP2,CHEMBL5170405,IC50,7.68,21.1,nM,CHEMBL5131395
ENPP2,CHEMBL5174752,IC50,7.3,50.3,nM,CHEMBL5131395
ENPP2,CHEMBL5182319,IC50,7.97,10.7,nM,CHEMBL5131395
ENPP2,CHEMBL5201612,IC50,7.0,101.0,nM,CHEMBL5131395
ENPP2,CHEMBL5201741,IC50,7.75,17.6,nM,CHEMBL5131395
ENPP2,CHEMBL5194154,IC50,7.64,23.1,nM,CHEMBL5131395
ENPP2,CHEMBL5191789,IC50,7.84,14.3,nM,CHEMBL5131395
ENPP2,CHEMBL5199962,IC50,7.52,30.0,nM,CHEMBL5131395
ENPP2,CHEMBL5170664,IC50,8.66,2.17,nM,CHEMBL5131395
ENPP2,CHEMBL3828074,IC50,8.54,2.9,nM,CHEMBL5131395
ENPP2,CHEMBL5189914,IC50,7.77,17.0,nM,CHEMBL5154876
ENPP2,CHEMBL5194357,IC50,7.39,41.0,nM,CHEMBL5154876
ENPP2,CHEMBL5177541,IC50,8.47,3.4,nM,CHEMBL5154876
ENPP2,CHEMBL5171446,IC50,7.62,24.0,nM,CHEMBL5154876
ENPP2,CHEMBL5190828,IC50,7.04,91.0,nM,CHEMBL5154876
ENPP2,CHEMBL5174427,IC50,7.47,34.0,nM,CHEMBL5154876
ENPP2,CHEMBL5192468,IC50,7.15,71.0,nM,CHEMBL5154876
ENPP2,CHEMBL5179219,IC50,7.09,81.0,nM,CHEMBL5154876
ENPP2,CHEMBL5204000,IC50,7.39,41.0,nM,CHEMBL5154876
ENPP2,CHEMBL5171136,IC50,7.47,33.5,nM,CHEMBL5154876
ENPP2,CHEMBL5170680,IC50,7.29,51.3,nM,CHEMBL5154876
ENPP2,CHEMBL5195787,IC50,8.15,7.1,nM,CHEMBL5154876
ENPP2,CHEMBL5189398,IC50,7.58,26.4,nM,CHEMBL5154876
ENPP2,CHEMBL3828074,IC50,8.41,3.9,nM,CHEMBL5154876
ENPP2,CHEMBL3186509,IC50,8.43,3.7,nM,CHEMBL5154876
ENPP2,CHEMBL5196449,EC50,7.0,100.0,nM,CHEMBL5154880
ENPP2,CHEMBL5190935,EC50,7.22,60.0,nM,CHEMBL5154880
ENPP2,CHEMBL5196449,EC50,7.0,100.0,nM,CHEMBL5154880
ENPP2,CHEMBL5190935,EC50,7.22,60.0,nM,CHEMBL5154880
ENPP2,CHEMBL1173670,IC50,7.55,28.3,nM,CHEMBL5230159
ENPP2,CHEMBL1173671,IC50,8.25,5.67,nM,CHEMBL5230159
ENPP2,CHEMBL1173627,IC50,7.53,29.6,nM,CHEMBL5230159
ENPP2,CHEMBL1173403,IC50,7.92,11.9,nM,CHEMBL5230159
ENPP2,CHEMBL1802517,IC50,8.28,5.3,nM,CHEMBL5230159
ENPP2,CHEMBL1802518,IC50,8.17,6.7,nM,CHEMBL5230159
ENPP2,CHEMBL5286227,IC50,7.6,25.0,nM,CHEMBL5230159
ENPP2,CHEMBL4540122,IC50,7.89,13.0,nM,CHEMBL5230159
ENPP2,CHEMBL1173671,IC50,7.06,88.0,nM,CHEMBL5230159
ENPP2,CHEMBL5267660,IC50,7.55,28.0,nM,CHEMBL5233243
ENPP2,CHEMBL1173670,IC50,7.55,28.0,nM,CHEMBL5325466
ENPP2,CHEMBL3828733,IC50,7.36,43.6,nM,CHEMBL5325466
ENPP2,CHEMBL5414051,IC50,7.64,23.0,nM,CHEMBL5325466
ENPP2,CHEMBL5414051,IC50,7.68,21.0,nM,CHEMBL5325466
ENPP2,CHEMBL4642052,IC50,8.7,2.0,nM,CHEMBL5325466
ENPP2,CHEMBL5425421,IC50,8.96,1.1,nM,CHEMBL5325466
ENPP2,CHEMBL4642052,IC50,8.01,9.7,nM,CHEMBL5325466
ENPP2,CHEMBL5425421,IC50,8.05,8.9,nM,CHEMBL5325466
ENPP2,CHEMBL5430413,IC50,8.7,2.0,nM,CHEMBL5325466
ENPP2,CHEMBL5439867,IC50,8.57,2.7,nM,CHEMBL5325466
ENPP2,CHEMBL3827088,IC50,8.59,2.59,nM,CHEMBL5325466
ENPP2,CHEMBL117754,IC50,7.22,60.0,nM,CHEMBL5331074
ENPP2,CHEMBL4165749,IC50,7.54,29.0,nM,CHEMBL5445981
ENPP2,CHEMBL4165749,IC50,8.66,2.2,nM,CHEMBL5446079
ENPP2,CHEMBL1173671,IC50,8.24,5.7,nM,CHEMBL5532649
ENPP2,CHEMBL3186509,IC50,8.77,1.7,nM,CHEMBL5532649
ENPP2,CHEMBL5575865,IC50,8.12,7.62,nM,CHEMBL5537145
ENPP2,CHEMBL5567151,IC50,7.24,57.83,nM,CHEMBL5537145
ENPP2,CHEMBL5569443,IC50,7.04,91.72,nM,CHEMBL5537145
ENPP2,CHEMBL5569627,IC50,7.38,41.42,nM,CHEMBL5537145
ENPP2,CHEMBL5575423,IC50,7.81,15.57,nM,CHEMBL5537145
ENPP2,CHEMBL5566552,IC50,8.12,7.51,nM,CHEMBL5537145
ENPP2,CHEMBL5574060,IC50,7.4,40.19,nM,CHEMBL5537145
ENPP2,CHEMBL5567280,IC50,7.33,46.29,nM,CHEMBL5537145
ENPP2,CHEMBL5595881,IC50,7.56,27.72,nM,CHEMBL5537145
ENPP2,CHEMBL5569991,IC50,7.03,92.51,nM,CHEMBL5537145
ENPP2,CHEMBL5591143,IC50,7.81,15.39,nM,CHEMBL5537145
ENPP2,CHEMBL5562884,IC50,7.45,35.61,nM,CHEMBL5537145
ENPP2,CHEMBL5568776,IC50,7.36,43.93,nM,CHEMBL5537145
ENPP2,CHEMBL3828074,IC50,7.13,73.4,nM,CHEMBL5537145
ENPP2,CHEMBL1173670,IC50,7.55,28.0,nM,CHEMBL5634093
ENPP2,CHEMBL5646750,IC50,7.89,13.0,nM,CHEMBL5634093
ENPP2,CHEMBL5974543,IC50,7.82,15.0,nM,CHEMBL5725261
ENPP2,CHEMBL5959824,IC50,7.3,50.5,nM,CHEMBL5725261
ENPP2,CHEMBL5932594,IC50,7.46,35.0,nM,CHEMBL5725261
ENPP2,CHEMBL5924989,IC50,7.13,73.7,nM,CHEMBL5725261
ENPP2,CHEMBL5868015,IC50,7.19,64.5,nM,CHEMBL5725261
ENPP2,CHEMBL5840851,IC50,7.4,39.5,nM,CHEMBL5725261
ENPP2,CHEMBL5947461,IC50,7.82,15.0,nM,CHEMBL5725261
ENPP2,CHEMBL5853724,IC50,9.0,1.0,nM,CHEMBL5725261
ENPP2,CHEMBL5973454,IC50,7.92,12.0,nM,CHEMBL5725261
ENPP2,CHEMBL6052748,IC50,7.13,74.0,nM,CHEMBL5725261
ENPP2,CHEMBL5955789,IC50,8.1,8.0,nM,CHEMBL5725261
ENPP2,CHEMBL5923085,IC50,7.39,41.0,nM,CHEMBL5725261
ENPP2,CHEMBL6022351,IC50,7.58,26.0,nM,CHEMBL5725261
ENPP2,CHEMBL5990906,IC50,7.42,38.0,nM,CHEMBL5725261
ENPP2,CHEMBL5854143,IC50,7.86,13.7,nM,CHEMBL5725261
ENPP2,CHEMBL6035974,IC50,8.22,6.0,nM,CHEMBL5725261
ENPP2,CHEMBL5827235,IC50,7.23,59.0,nM,CHEMBL5725261
ENPP2,CHEMBL5935666,IC50,7.71,19.5,nM,CHEMBL5725261
ENPP2,CHEMBL5791057,IC50,7.7,20.0,nM,CHEMBL5725261
ENPP2,CHEMBL6003686,IC50,7.17,67.0,nM,CHEMBL5725261
ENPP2,CHEMBL5990906,IC50,8.15,7.0,nM,CHEMBL5725261
ENPP2,CHEMBL5964481,IC50,7.21,61.0,nM,CHEMBL5725261
ENPP2,CHEMBL5789047,IC50,7.58,26.5,nM,CHEMBL5725261
ENPP2,CHEMBL5798298,IC50,7.58,26.0,nM,CHEMBL5725261
ENPP2,CHEMBL5752778,IC50,7.66,22.0,nM,CHEMBL5725261
ENPP2,CHEMBL5907384,IC50,7.04,91.0,nM,CHEMBL5725261
ENPP2,CHEMBL5877610,IC50,7.37,43.0,nM,CHEMBL5725261
ENPP2,CHEMBL5866682,IC50,7.36,44.0,nM,CHEMBL5725261
ENPP2,CHEMBL5881485,IC50,7.77,17.0,nM,CHEMBL5725261
ENPP2,CHEMBL6016565,IC50,7.46,35.0,nM,CHEMBL5725261
ENPP2,CHEMBL5889329,IC50,7.69,20.3,nM,CHEMBL5725261
ENPP2,CHEMBL5886742,IC50,7.27,53.5,nM,CHEMBL5725261
ENPP2,CHEMBL5978990,IC50,7.04,92.0,nM,CHEMBL5725261
ENPP2,CHEMBL5755040,IC50,7.28,53.0,nM,CHEMBL5725261
ENPP2,CHEMBL5823718,IC50,7.16,68.5,nM,CHEMBL5725261
ENPP2,CHEMBL5751795,IC50,7.66,22.0,nM,CHEMBL5725261
ENPP2,CHEMBL5841025,IC50,7.36,44.0,nM,CHEMBL5725261
ENPP2,CHEMBL5904755,IC50,7.89,13.0,nM,CHEMBL5725261
ENPP2,CHEMBL5875314,IC50,8.0,10.0,nM,CHEMBL5725261
ENPP2,CHEMBL5838015,IC50,8.35,4.5,nM,CHEMBL5725261
ENPP2,CHEMBL5742822,IC50,9.0,1.0,nM,CHEMBL5725261
ENPP2,CHEMBL5942504,IC50,9.0,1.0,nM,CHEMBL5725261
ENPP2,CHEMBL6007231,IC50,8.6,2.5,nM,CHEMBL5725261
ENPP2,CHEMBL5800521,IC50,8.3,5.0,nM,CHEMBL5725261
ENPP2,CHEMBL5936761,IC50,8.6,2.5,nM,CHEMBL5725261
ENPP2,CHEMBL5838559,IC50,8.7,2.0,nM,CHEMBL5725261
ENPP2,CHEMBL5891838,IC50,9.0,1.0,nM,CHEMBL5725261
ENPP2,CHEMBL6045323,IC50,9.0,1.0,nM,CHEMBL5725261
ENPP2,CHEMBL5826249,IC50,8.1,8.0,nM,CHEMBL5725261
ENPP2,CHEMBL5762170,IC50,7.41,39.0,nM,CHEMBL5725261
ENPP2,CHEMBL5905590,IC50,8.52,3.0,nM,CHEMBL5725261
ENPP2,CHEMBL6056368,IC50,9.0,1.0,nM,CHEMBL5725261
ENPP2,CHEMBL6044082,IC50,7.64,23.0,nM,CHEMBL5725261
ENPP2,CHEMBL6018533,IC50,7.38,41.5,nM,CHEMBL5725261
ENPP2,CHEMBL5752206,IC50,7.8,16.0,nM,CHEMBL5725261
ENPP2,CHEMBL5803951,IC50,9.0,1.0,nM,CHEMBL5725261
ENPP2,CHEMBL5978680,IC50,7.0,100.0,nM,CHEMBL5725261
ENPP2,CHEMBL5966115,IC50,8.05,9.0,nM,CHEMBL5725261
ENPP2,CHEMBL5996718,IC50,7.3,50.0,nM,CHEMBL5725403
ENPP2,CHEMBL5764990,IC50,7.3,50.0,nM,CHEMBL5725403
ENPP2,CHEMBL5831930,IC50,7.3,50.0,nM,CHEMBL5725403
ENPP2,CHEMBL5966624,IC50,7.3,50.0,nM,CHEMBL5725403
ENPP2,CHEMBL4100092,IC50,7.3,50.0,nM,CHEMBL5725403
ENPP2,CHEMBL4084282,IC50,7.3,50.0,nM,CHEMBL5725403
ENPP2,CHEMBL5836189,IC50,7.3,50.0,nM,CHEMBL5725403
ENPP2,CHEMBL5900003,IC50,7.3,50.0,nM,CHEMBL5725403
ENPP2,CHEMBL4061747,IC50,7.3,50.0,nM,CHEMBL5725403
ENPP2,CHEMBL5897003,IC50,7.3,50.0,nM,CHEMBL5725403
ENPP2,CHEMBL6028019,IC50,7.3,50.0,nM,CHEMBL5725403
ENPP2,CHEMBL5775654,IC50,7.3,50.0,nM,CHEMBL5725403
ENPP2,CHEMBL5946725,IC50,7.3,50.0,nM,CHEMBL5725403
ENPP2,CHEMBL6011504,IC50,7.3,50.0,nM,CHEMBL5725403
ENPP2,CHEMBL5812409,IC50,7.3,50.0,nM,CHEMBL5725403
ENPP2,CHEMBL5874380,IC50,7.3,50.0,nM,CHEMBL5725403
ENPP2,CHEMBL5815784,IC50,7.3,50.0,nM,CHEMBL5725403
ENPP2,CHEMBL5829145,IC50,7.3,50.0,nM,CHEMBL5725403
ENPP2,CHEMBL5945019,IC50,7.3,50.0,nM,CHEMBL5725403
ENPP2,CHEMBL6009376,IC50,7.3,50.0,nM,CHEMBL5725403
ENPP2,CHEMBL5742321,IC50,7.3,50.0,nM,CHEMBL5725403
ENPP2,CHEMBL5779558,IC50,7.3,50.0,nM,CHEMBL5725403
ENPP2,CHEMBL5756078,IC50,7.3,50.0,nM,CHEMBL5725403
ENPP2,CHEMBL5886720,IC50,9.0,1.0,nM,CHEMBL5725945
ENPP2,CHEMBL6049689,IC50,9.0,1.0,nM,CHEMBL5725945
ENPP2,CHEMBL5870235,IC50,9.0,1.0,nM,CHEMBL5725945
ENPP2,CHEMBL5979934,IC50,9.0,1.0,nM,CHEMBL5725945
ENPP2,CHEMBL5855323,IC50,9.0,1.0,nM,CHEMBL5725945
ENPP2,CHEMBL6020792,IC50,9.0,1.0,nM,CHEMBL5725945
ENPP2,CHEMBL5759407,IC50,9.0,1.0,nM,CHEMBL5725945
ENPP2,CHEMBL5980087,IC50,9.0,1.0,nM,CHEMBL5725945
ENPP2,CHEMBL6011635,IC50,8.7,2.0,nM,CHEMBL5725945
ENPP2,CHEMBL6042664,IC50,8.7,2.0,nM,CHEMBL5725945
ENPP2,CHEMBL5998484,IC50,8.7,2.0,nM,CHEMBL5725945
ENPP2,CHEMBL5927020,IC50,8.7,2.0,nM,CHEMBL5725945
ENPP2,CHEMBL5890595,IC50,8.7,2.0,nM,CHEMBL5725945
ENPP2,CHEMBL5807257,IC50,8.7,2.0,nM,CHEMBL5725945
ENPP2,CHEMBL6006485,IC50,8.52,3.0,nM,CHEMBL5725945
ENPP2,CHEMBL5932573,IC50,8.52,3.0,nM,CHEMBL5725945
ENPP2,CHEMBL5836681,IC50,8.52,3.0,nM,CHEMBL5725945
ENPP2,CHEMBL5995954,IC50,8.52,3.0,nM,CHEMBL5725945
ENPP2,CHEMBL6052851,IC50,8.52,3.0,nM,CHEMBL5725945
ENPP2,CHEMBL6063090,IC50,8.52,3.0,nM,CHEMBL5725945
ENPP2,CHEMBL6001553,IC50,8.52,3.0,nM,CHEMBL5725945
ENPP2,CHEMBL5753068,IC50,8.52,3.0,nM,CHEMBL5725945
ENPP2,CHEMBL6047147,IC50,8.52,3.0,nM,CHEMBL5725945
ENPP2,CHEMBL6050865,IC50,8.52,3.0,nM,CHEMBL5725945
ENPP2,CHEMBL5934377,IC50,8.52,3.0,nM,CHEMBL5725945
ENPP2,CHEMBL6048268,IC50,8.52,3.0,nM,CHEMBL5725945
ENPP2,CHEMBL5854638,IC50,8.52,3.0,nM,CHEMBL5725945
ENPP2,CHEMBL5889423,IC50,8.52,3.0,nM,CHEMBL5725945
ENPP2,CHEMBL5928342,IC50,8.52,3.0,nM,CHEMBL5725945
ENPP2,CHEMBL5836729,IC50,8.52,3.0,nM,CHEMBL5725945
ENPP2,CHEMBL5814132,IC50,8.4,4.0,nM,CHEMBL5725945
ENPP2,CHEMBL5772277,IC50,8.4,4.0,nM,CHEMBL5725945
ENPP2,CHEMBL6044188,IC50,8.4,4.0,nM,CHEMBL5725945
ENPP2,CHEMBL5774707,IC50,8.4,4.0,nM,CHEMBL5725945
ENPP2,CHEMBL6014149,IC50,8.4,4.0,nM,CHEMBL5725945
ENPP2,CHEMBL5829044,IC50,8.4,4.0,nM,CHEMBL5725945
ENPP2,CHEMBL5864112,IC50,8.3,5.0,nM,CHEMBL5725945
ENPP2,CHEMBL5889079,IC50,8.3,5.0,nM,CHEMBL5725945
ENPP2,CHEMBL6044188,IC50,8.1,8.0,nM,CHEMBL5725945
ENPP2,CHEMBL5893445,IC50,8.1,8.0,nM,CHEMBL5725945
ENPP2,CHEMBL5754645,IC50,8.05,9.0,nM,CHEMBL5725945
ENPP2,CHEMBL5952493,IC50,9.0,1.0,nM,CHEMBL5725945
ENPP2,CHEMBL5883090,IC50,8.7,2.0,nM,CHEMBL5725945
ENPP2,CHEMBL6064096,IC50,8.7,2.0,nM,CHEMBL5725945
ENPP2,CHEMBL5969816,IC50,8.7,2.0,nM,CHEMBL5725945
ENPP2,CHEMBL6009663,IC50,8.52,3.0,nM,CHEMBL5725945
ENPP2,CHEMBL6009663,IC50,8.52,3.0,nM,CHEMBL5725945
ENPP2,CHEMBL5757543,IC50,8.52,3.0,nM,CHEMBL5725945
ENPP2,CHEMBL5978335,IC50,8.52,3.0,nM,CHEMBL5725945
ENPP2,CHEMBL5998950,IC50,8.4,4.0,nM,CHEMBL5725945
ENPP2,CHEMBL5778146,IC50,8.4,4.0,nM,CHEMBL5725945
ENPP2,CHEMBL5888000,IC50,8.3,5.0,nM,CHEMBL5725945
ENPP2,CHEMBL5938897,IC50,8.3,5.0,nM,CHEMBL5725945
ENPP2,CHEMBL5988449,IC50,8.3,5.0,nM,CHEMBL5725945
ENPP2,CHEMBL5790570,IC50,8.1,8.0,nM,CHEMBL5725945
ENPP2,CHEMBL5820719,IC50,8.05,9.0,nM,CHEMBL5725945
ENPP2,CHEMBL6005881,IC50,8.7,2.0,nM,CHEMBL5725945
ENPP2,CHEMBL5894314,IC50,8.7,2.0,nM,CHEMBL5725945
ENPP2,CHEMBL5799533,IC50,8.52,3.0,nM,CHEMBL5725945
ENPP2,CHEMBL5938202,IC50,9.0,1.0,nM,CHEMBL5725945
ENPP2,CHEMBL6051357,IC50,8.7,2.0,nM,CHEMBL5725945
ENPP2,CHEMBL5916306,IC50,8.22,6.0,nM,CHEMBL5725945
ENPP2,CHEMBL5877996,IC50,8.15,7.0,nM,CHEMBL5725945
ENPP2,CHEMBL5841081,IC50,8.1,8.0,nM,CHEMBL5725945
ENPP2,CHEMBL6014444,IC50,8.05,9.0,nM,CHEMBL5725945
ENPP2,CHEMBL5781096,IC50,8.7,2.0,nM,CHEMBL5725945
ENPP2,CHEMBL5848730,IC50,8.7,2.0,nM,CHEMBL5725945
ENPP2,CHEMBL6026350,IC50,8.52,3.0,nM,CHEMBL5725945
ENPP2,CHEMBL5899560,IC50,7.96,11.0,nM,CHEMBL5725945
ENPP2,CHEMBL5864487,IC50,7.85,14.0,nM,CHEMBL5725945
ENPP2,CHEMBL5899034,IC50,7.82,15.0,nM,CHEMBL5725945
ENPP2,CHEMBL5879760,IC50,7.77,17.0,nM,CHEMBL5725945
ENPP2,CHEMBL6060267,IC50,7.75,18.0,nM,CHEMBL5725945
ENPP2,CHEMBL5903245,IC50,7.62,24.0,nM,CHEMBL5725945
ENPP2,CHEMBL5876256,IC50,7.43,37.0,nM,CHEMBL5725945
ENPP2,CHEMBL6057859,IC50,7.43,37.0,nM,CHEMBL5725945
ENPP2,CHEMBL5854402,IC50,7.31,49.0,nM,CHEMBL5725945
ENPP2,CHEMBL5961827,IC50,7.16,70.0,nM,CHEMBL5725945
ENPP2,CHEMBL5905975,IC50,7.02,95.0,nM,CHEMBL5725945
ENPP2,CHEMBL5777484,IC50,7.8,16.0,nM,CHEMBL5725945
ENPP2,CHEMBL5829144,IC50,7.8,16.0,nM,CHEMBL5725945
ENPP2,CHEMBL5941899,IC50,7.77,17.0,nM,CHEMBL5725945
ENPP2,CHEMBL5790182,IC50,7.66,22.0,nM,CHEMBL5725945
ENPP2,CHEMBL5865994,IC50,7.24,58.0,nM,CHEMBL5725945
ENPP2,CHEMBL5896566,IC50,7.24,58.0,nM,CHEMBL5725945
ENPP2,CHEMBL5824894,IC50,7.12,76.0,nM,CHEMBL5725945
ENPP2,CHEMBL5969709,IC50,7.62,24.0,nM,CHEMBL5725945
ENPP2,CHEMBL6014876,IC50,7.48,33.0,nM,CHEMBL5725945
ENPP2,CHEMBL5771540,IC50,7.33,47.0,nM,CHEMBL5725945
ENPP2,CHEMBL5816137,IC50,7.96,11.0,nM,CHEMBL5725945
ENPP2,CHEMBL5768574,IC50,7.54,29.0,nM,CHEMBL5725945
ENPP2,CHEMBL5861648,IC50,7.52,30.0,nM,CHEMBL5725945
ENPP2,CHEMBL5745947,IC50,7.42,38.0,nM,CHEMBL5725945
ENPP2,CHEMBL6037935,IC50,7.96,11.0,nM,CHEMBL5725945
ENPP2,CHEMBL5995821,IC50,7.96,11.0,nM,CHEMBL5725945
ENPP2,CHEMBL5893855,IC50,7.68,21.0,nM,CHEMBL5725945
ENPP2,CHEMBL6045956,IC50,7.64,23.0,nM,CHEMBL5725945
ENPP2,CHEMBL6000924,IC50,7.35,45.0,nM,CHEMBL5725945
ENPP2,CHEMBL5961892,IC50,8.05,9.0,nM,CHEMBL5725945
ENPP2,CHEMBL5766179,IC50,9.0,1.0,nM,CHEMBL5725945
ENPP2,CHEMBL5796635,IC50,9.0,1.0,nM,CHEMBL5725945
ENPP2,CHEMBL5914577,IC50,8.52,3.0,nM,CHEMBL5725945
ENPP2,CHEMBL5807763,IC50,8.06,8.8,nM,CHEMBL5726176
ENPP2,CHEMBL4751607,IC50,8.02,9.5,nM,CHEMBL5726176
ENPP2,CHEMBL5987434,IC50,7.92,12.0,nM,CHEMBL5726176
ENPP2,CHEMBL4780722,IC50,8.24,5.8,nM,CHEMBL5726176
ENPP2,CHEMBL5965821,IC50,8.46,3.5,nM,CHEMBL5726176
ENPP2,CHEMBL5838851,IC50,7.75,18.0,nM,CHEMBL5726176
ENPP2,CHEMBL5822511,IC50,7.0,100.0,nM,CHEMBL5726176
ENPP2,CHEMBL5795373,IC50,7.4,40.0,nM,CHEMBL5726176
ENPP2,CHEMBL5912011,IC50,7.14,73.0,nM,CHEMBL5726176
ENPP2,CHEMBL5789590,IC50,7.92,12.0,nM,CHEMBL5726176
ENPP2,CHEMBL5763647,IC50,7.21,62.0,nM,CHEMBL5726176
ENPP2,CHEMBL5816653,IC50,7.96,11.0,nM,CHEMBL5726176
ENPP2,CHEMBL5845997,IC50,7.62,24.0,nM,CHEMBL5726176
ENPP2,CHEMBL5741182,IC50,7.43,37.0,nM,CHEMBL5726176
ENPP2,CHEMBL6034336,IC50,7.51,31.0,nM,CHEMBL5726176
ENPP2,CHEMBL5887695,IC50,7.58,26.0,nM,CHEMBL5726176
ENPP2,CHEMBL5751411,IC50,7.55,28.0,nM,CHEMBL5726176
ENPP2,CHEMBL5880058,IC50,8.02,9.5,nM,CHEMBL5726176
ENPP2,CHEMBL5790333,IC50,8.4,4.0,nM,CHEMBL5726176
ENPP2,CHEMBL6036690,IC50,8.07,8.5,nM,CHEMBL5726176
ENPP2,CHEMBL5989056,IC50,7.51,31.0,nM,CHEMBL5726176
ENPP2,CHEMBL5983310,IC50,7.23,59.0,nM,CHEMBL5726176
ENPP2,CHEMBL5824818,IC50,8.2,6.3,nM,CHEMBL5726176
ENPP2,CHEMBL5983665,IC50,7.5,32.0,nM,CHEMBL5726176
ENPP2,CHEMBL5832157,IC50,7.96,11.0,nM,CHEMBL5726176
ENPP2,CHEMBL5763581,IC50,8.31,4.9,nM,CHEMBL5726176
ENPP2,CHEMBL5832157,IC50,7.0,100.0,nM,CHEMBL5726176
ENPP2,CHEMBL4794205,IC50,8.1,7.9,nM,CHEMBL5726176
ENPP2,CHEMBL5812970,IC50,8.46,3.5,nM,CHEMBL5726176
ENPP2,CHEMBL5770071,IC50,7.28,53.0,nM,CHEMBL5726176
ENPP2,CHEMBL6015548,IC50,7.54,29.0,nM,CHEMBL5726176
ENPP2,CHEMBL5813926,IC50,7.75,18.0,nM,CHEMBL5726176
ENPP2,CHEMBL4761729,IC50,7.77,17.0,nM,CHEMBL5726176
ENPP2,CHEMBL6011482,IC50,7.7,20.0,nM,CHEMBL5726176
ENPP2,CHEMBL5878082,IC50,7.12,75.0,nM,CHEMBL5726176
ENPP2,CHEMBL5774016,IC50,7.38,42.0,nM,CHEMBL5726176
ENPP2,CHEMBL6004753,IC50,7.16,70.0,nM,CHEMBL5726176
ENPP2,CHEMBL5884500,IC50,7.7,20.0,nM,CHEMBL5726176
ENPP2,CHEMBL5808095,IC50,8.23,5.9,nM,CHEMBL5726176
ENPP2,CHEMBL5933681,IC50,7.62,24.0,nM,CHEMBL5726176
ENPP2,CHEMBL5797818,IC50,7.85,14.0,nM,CHEMBL5726176
ENPP2,CHEMBL5958848,IC50,7.31,49.0,nM,CHEMBL5726176
ENPP2,CHEMBL5774906,IC50,7.77,17.0,nM,CHEMBL5726176
ENPP2,CHEMBL5798747,IC50,7.07,85.0,nM,CHEMBL5726176
ENPP2,CHEMBL5800349,IC50,7.16,70.0,nM,CHEMBL5726176
ENPP2,CHEMBL5785536,IC50,7.1,79.0,nM,CHEMBL5726176
ENPP2,CHEMBL5797874,IC50,7.8,16.0,nM,CHEMBL5726176
ENPP2,CHEMBL5918909,IC50,7.11,77.0,nM,CHEMBL5726176
ENPP2,CHEMBL5838123,IC50,7.77,17.0,nM,CHEMBL5726176
ENPP2,CHEMBL6032664,IC50,8.7,2.0,nM,CHEMBL5726176
ENPP2,CHEMBL6047315,IC50,8.05,8.9,nM,CHEMBL5726176
ENPP2,CHEMBL5980475,IC50,8.1,8.0,nM,CHEMBL5726176
ENPP2,CHEMBL5748165,IC50,7.92,12.0,nM,CHEMBL5726176
ENPP2,CHEMBL4794562,IC50,8.1,8.0,nM,CHEMBL5726176
ENPP2,CHEMBL6056574,IC50,7.28,53.0,nM,CHEMBL5726176
ENPP2,CHEMBL5814891,IC50,7.68,21.0,nM,CHEMBL5726176
ENPP2,CHEMBL6006678,IC50,8.06,8.8,nM,CHEMBL5726176
ENPP2,CHEMBL5989682,IC50,7.35,45.0,nM,CHEMBL5726176
ENPP2,CHEMBL6054888,IC50,8.38,4.2,nM,CHEMBL5726176
ENPP2,CHEMBL5812336,IC50,8.26,5.5,nM,CHEMBL5726176
ENPP2,CHEMBL5949815,IC50,7.51,31.0,nM,CHEMBL5726176
ENPP2,CHEMBL5974459,IC50,8.26,5.5,nM,CHEMBL5726176
ENPP2,CHEMBL5842966,IC50,8.22,6.0,nM,CHEMBL5726176
ENPP2,CHEMBL5767320,IC50,8.38,4.2,nM,CHEMBL5726176
ENPP2,CHEMBL5842966,IC50,8.34,4.6,nM,CHEMBL5726176
ENPP2,CHEMBL5769809,IC50,8.06,8.8,nM,CHEMBL5726176
ENPP2,CHEMBL6032855,IC50,8.35,4.5,nM,CHEMBL5726176
ENPP2,CHEMBL5998806,IC50,8.7,2.0,nM,CHEMBL5726176
ENPP2,CHEMBL5778733,IC50,8.38,4.2,nM,CHEMBL5726176
ENPP2,CHEMBL6057410,IC50,8.22,6.0,nM,CHEMBL5726176
ENPP2,CHEMBL5921163,IC50,8.38,4.2,nM,CHEMBL5726176
ENPP2,CHEMBL6037448,IC50,8.26,5.5,nM,CHEMBL5726176
ENPP2,CHEMBL5946889,IC50,7.14,73.0,nM,CHEMBL5726176
ENPP2,CHEMBL5765866,IC50,7.89,13.0,nM,CHEMBL5726176
ENPP2,CHEMBL6004572,IC50,7.11,78.0,nM,CHEMBL5726176
ENPP2,CHEMBL5984600,IC50,7.35,45.0,nM,CHEMBL5726176
ENPP2,CHEMBL5939448,IC50,8.0,10.0,nM,CHEMBL5726176
ENPP2,CHEMBL6040073,IC50,8.0,10.0,nM,CHEMBL5726176
ENPP2,CHEMBL5797911,IC50,7.11,78.0,nM,CHEMBL5726176
ENPP2,CHEMBL5788390,IC50,7.28,52.0,nM,CHEMBL5726176
ENPP2,CHEMBL6008049,IC50,8.09,8.1,nM,CHEMBL5726176
ENPP2,CHEMBL6036357,IC50,8.32,4.8,nM,CHEMBL5726176
ENPP2,CHEMBL5915074,IC50,7.72,19.0,nM,CHEMBL5726176
ENPP2,CHEMBL5763151,IC50,7.8,16.0,nM,CHEMBL5726176
ENPP2,CHEMBL5873391,IC50,8.46,3.5,nM,CHEMBL5726176
ENPP2,CHEMBL5971008,IC50,7.31,49.0,nM,CHEMBL5726176
ENPP2,CHEMBL6044608,IC50,8.44,3.6,nM,CHEMBL5726176
ENPP2,CHEMBL5868151,IC50,8.0,10.0,nM,CHEMBL5726176
ENPP2,CHEMBL5918492,IC50,8.0,10.0,nM,CHEMBL5726176
ENPP2,CHEMBL6040222,IC50,7.6,25.0,nM,CHEMBL5726176
ENPP2,CHEMBL5762491,IC50,8.08,8.3,nM,CHEMBL5726176
ENPP2,CHEMBL5936910,IC50,7.64,23.0,nM,CHEMBL5726176
ENPP2,CHEMBL6065842,IC50,7.18,66.0,nM,CHEMBL5726176
ENPP2,CHEMBL5975061,IC50,7.6,25.0,nM,CHEMBL5726176
ENPP2,CHEMBL5952107,IC50,8.41,3.9,nM,CHEMBL5726176
ENPP2,CHEMBL5948516,IC50,8.3,5.0,nM,CHEMBL5726176
ENPP2,CHEMBL5761973,IC50,7.28,53.0,nM,CHEMBL5726176
ENPP2,CHEMBL5817048,IC50,8.28,5.3,nM,CHEMBL5726176
ENPP2,CHEMBL5886798,IC50,8.41,3.9,nM,CHEMBL5726176
ENPP2,CHEMBL5814460,IC50,8.18,6.6,nM,CHEMBL5726176
ENPP2,CHEMBL5954401,IC50,7.55,28.0,nM,CHEMBL5726176
ENPP2,CHEMBL5943920,IC50,7.34,46.0,nM,CHEMBL5726176
ENPP2,CHEMBL5829779,IC50,7.24,58.0,nM,CHEMBL5726176
ENPP2,CHEMBL5852594,IC50,7.21,61.0,nM,CHEMBL5726176
ENPP2,CHEMBL6029930,IC50,7.8,16.0,nM,CHEMBL5726176
ENPP2,CHEMBL5803277,IC50,8.28,5.2,nM,CHEMBL5726176
ENPP2,CHEMBL6029503,IC50,7.33,47.0,nM,CHEMBL5726176
ENPP2,CHEMBL6026216,IC50,7.85,14.0,nM,CHEMBL5726176
ENPP2,CHEMBL5745284,IC50,7.92,12.0,nM,CHEMBL5726176
ENPP2,CHEMBL5959406,IC50,8.41,3.9,nM,CHEMBL5726176
ENPP2,CHEMBL5745284,IC50,7.75,18.0,nM,CHEMBL5726176
ENPP2,CHEMBL6042104,IC50,7.48,33.0,nM,CHEMBL5726176
ENPP2,CHEMBL6014118,IC50,7.62,24.0,nM,CHEMBL5726176
ENPP2,CHEMBL5845440,IC50,7.33,47.0,nM,CHEMBL5726176
ENPP2,CHEMBL5755949,IC50,8.09,8.1,nM,CHEMBL5726176
ENPP2,CHEMBL5778386,IC50,8.16,6.9,nM,CHEMBL5726176
ENPP2,CHEMBL5890649,IC50,7.24,58.0,nM,CHEMBL5726176
ENPP2,CHEMBL5793170,IC50,8.46,3.5,nM,CHEMBL5726176
ENPP2,CHEMBL5863644,IC50,7.46,35.0,nM,CHEMBL5726176
ENPP2,CHEMBL5876512,IC50,7.66,22.0,nM,CHEMBL5726176
ENPP2,CHEMBL4780243,IC50,7.22,60.0,nM,CHEMBL5726176
ENPP2,CHEMBL5864695,IC50,7.55,28.0,nM,CHEMBL5726176
ENPP2,CHEMBL5811888,IC50,7.31,49.0,nM,CHEMBL5726176
ENPP2,CHEMBL5911704,IC50,7.64,23.0,nM,CHEMBL5726176
ENPP2,CHEMBL5927639,IC50,7.85,14.0,nM,CHEMBL5726176
ENPP2,CHEMBL6006696,IC50,7.09,81.0,nM,CHEMBL5726176
ENPP2,CHEMBL5804221,IC50,7.92,12.0,nM,CHEMBL5726176
ENPP2,CHEMBL5756272,IC50,7.5,32.0,nM,CHEMBL5726176
ENPP2,CHEMBL6054824,IC50,8.12,7.5,nM,CHEMBL5726176
ENPP2,CHEMBL5744599,IC50,8.2,6.3,nM,CHEMBL5726176
ENPP2,CHEMBL6042707,IC50,7.17,67.0,nM,CHEMBL5726176
ENPP2,CHEMBL4779944,IC50,8.23,5.9,nM,CHEMBL5726176
ENPP2,CHEMBL4782227,IC50,7.19,64.0,nM,CHEMBL5726176
ENPP2,CHEMBL4764982,IC50,7.52,30.0,nM,CHEMBL5726176
ENPP2,CHEMBL5824851,IC50,7.37,43.0,nM,CHEMBL5726176
ENPP2,CHEMBL5768685,IC50,7.6,25.0,nM,CHEMBL5726176
ENPP2,CHEMBL5766956,IC50,7.38,42.0,nM,CHEMBL5726176
ENPP2,CHEMBL5948673,IC50,7.38,42.0,nM,CHEMBL5726176
ENPP2,CHEMBL5901446,IC50,8.06,8.8,nM,CHEMBL5726176
ENPP2,CHEMBL4793854,IC50,7.47,34.0,nM,CHEMBL5726176
ENPP2,CHEMBL5855515,IC50,7.96,11.0,nM,CHEMBL5726176
ENPP2,CHEMBL5983924,IC50,7.92,12.0,nM,CHEMBL5726176
ENPP2,CHEMBL6005641,IC50,7.51,31.0,nM,CHEMBL5726176
ENPP2,CHEMBL5752158,IC50,7.85,14.0,nM,CHEMBL5726176
ENPP2,CHEMBL5901132,IC50,7.89,13.0,nM,CHEMBL5726176
ENPP2,CHEMBL5764272,IC50,7.77,17.0,nM,CHEMBL5726176
ENPP2,CHEMBL5905221,IC50,7.89,13.0,nM,CHEMBL5726176
ENPP2,CHEMBL5972479,IC50,8.05,8.9,nM,CHEMBL5726176
ENPP2,CHEMBL5795034,IC50,8.31,4.9,nM,CHEMBL5726176
ENPP2,CHEMBL5867909,IC50,8.16,6.9,nM,CHEMBL5726176
ENPP2,CHEMBL5950863,IC50,8.51,3.1,nM,CHEMBL5726176
ENPP2,CHEMBL6004910,IC50,8.41,3.9,nM,CHEMBL5726176
ENPP2,CHEMBL5878693,IC50,8.7,2.0,nM,CHEMBL5726176
ENPP2,CHEMBL5983793,IC50,8.62,2.4,nM,CHEMBL5726176
ENPP2,CHEMBL6052110,IC50,7.89,13.0,nM,CHEMBL5726176
ENPP2,CHEMBL5961972,IC50,8.28,5.3,nM,CHEMBL5726176
ENPP2,CHEMBL6011248,IC50,8.04,9.2,nM,CHEMBL5726176
ENPP2,CHEMBL3895050,IC50,7.21,62.0,nM,CHEMBL5726196
ENPP2,CHEMBL3895225,IC50,7.55,28.0,nM,CHEMBL5726196
ENPP2,CHEMBL3919909,IC50,7.29,51.0,nM,CHEMBL5726196
ENPP2,CHEMBL3917042,IC50,7.54,29.0,nM,CHEMBL5726196
ENPP2,CHEMBL3827512,IC50,8.7,2.0,nM,CHEMBL5726196
ENPP2,CHEMBL3978525,IC50,7.03,94.0,nM,CHEMBL5726196
ENPP2,CHEMBL3906229,IC50,8.52,3.0,nM,CHEMBL5726196
ENPP2,CHEMBL3890736,IC50,8.4,4.0,nM,CHEMBL5726196
ENPP2,CHEMBL3931791,IC50,7.17,68.0,nM,CHEMBL5726196
ENPP2,CHEMBL3954015,IC50,7.26,55.0,nM,CHEMBL5726196
ENPP2,CHEMBL3950696,IC50,7.68,21.0,nM,CHEMBL5726196
ENPP2,CHEMBL3951756,IC50,7.11,77.0,nM,CHEMBL5726196
ENPP2,CHEMBL3943568,IC50,7.75,18.0,nM,CHEMBL5726196
ENPP2,CHEMBL3958589,IC50,8.1,8.0,nM,CHEMBL5726196
ENPP2,CHEMBL3935803,IC50,7.32,48.0,nM,CHEMBL5726196
ENPP2,CHEMBL3929207,IC50,7.92,12.0,nM,CHEMBL5726196
ENPP2,CHEMBL3907952,IC50,8.22,6.0,nM,CHEMBL5726196
ENPP2,CHEMBL3930492,IC50,7.38,42.0,nM,CHEMBL5726196
ENPP2,CHEMBL3902501,IC50,7.4,40.0,nM,CHEMBL5726196
ENPP2,CHEMBL3925811,IC50,7.06,87.0,nM,CHEMBL5726196
ENPP2,CHEMBL3916809,IC50,8.0,10.0,nM,CHEMBL5726196
ENPP2,CHEMBL3986548,IC50,7.77,17.0,nM,CHEMBL5726196
ENPP2,CHEMBL3971191,IC50,7.62,24.0,nM,CHEMBL5726196
ENPP2,CHEMBL3970689,IC50,8.15,7.0,nM,CHEMBL5726196
ENPP2,CHEMBL3899533,IC50,7.82,15.0,nM,CHEMBL5726196
ENPP2,CHEMBL3954222,IC50,8.3,5.0,nM,CHEMBL5726196
ENPP2,CHEMBL3908584,IC50,8.52,3.0,nM,CHEMBL5726196
ENPP2,CHEMBL3954335,IC50,8.1,8.0,nM,CHEMBL5726196
ENPP2,CHEMBL3982999,IC50,7.58,26.0,nM,CHEMBL5726196
ENPP2,CHEMBL3959644,IC50,8.4,4.0,nM,CHEMBL5726196
ENPP2,CHEMBL3894127,IC50,8.4,4.0,nM,CHEMBL5726196
ENPP2,CHEMBL5773738,IC50,7.16,69.0,nM,CHEMBL5726196
ENPP2,CHEMBL5883808,IC50,8.3,5.0,nM,CHEMBL5726196
ENPP2,CHEMBL5916266,IC50,7.89,13.0,nM,CHEMBL5726196
ENPP2,CHEMBL5921750,IC50,8.15,7.0,nM,CHEMBL5726196
ENPP2,CHEMBL5897733,IC50,8.7,2.0,nM,CHEMBL5726196
ENPP2,CHEMBL5989482,IC50,7.68,21.0,nM,CHEMBL5726196
ENPP2,CHEMBL5858183,IC50,7.54,29.0,nM,CHEMBL5726196
ENPP2,CHEMBL3677647,IC50,7.47,34.0,nM,CHEMBL5726222
ENPP2,CHEMBL4640625,IC50,7.04,91.0,nM,CHEMBL5726222
ENPP2,CHEMBL3677648,IC50,7.8,16.0,nM,CHEMBL5726222
ENPP2,CHEMBL3677650,IC50,8.02,9.6,nM,CHEMBL5726222
ENPP2,CHEMBL3677651,IC50,8.17,6.7,nM,CHEMBL5726222
ENPP2,CHEMBL5934670,IC50,7.08,83.0,nM,CHEMBL5726222
ENPP2,CHEMBL3677653,IC50,8.3,5.0,nM,CHEMBL5726222
ENPP2,CHEMBL3677654,IC50,7.96,11.0,nM,CHEMBL5726222
ENPP2,CHEMBL3677655,IC50,7.96,11.0,nM,CHEMBL5726222
ENPP2,CHEMBL3677656,IC50,7.89,13.0,nM,CHEMBL5726222
ENPP2,CHEMBL3677658,IC50,7.46,35.0,nM,CHEMBL5726222
ENPP2,CHEMBL5833689,IC50,7.58,26.0,nM,CHEMBL5726222
ENPP2,CHEMBL6065228,IC50,7.6,25.0,nM,CHEMBL5726222
ENPP2,CHEMBL3677661,IC50,8.11,7.8,nM,CHEMBL5726222
ENPP2,CHEMBL4096364,IC50,7.26,55.0,nM,CHEMBL5726561
ENPP2,CHEMBL5754769,IC50,7.26,55.0,nM,CHEMBL5726561
ENPP2,CHEMBL5892188,IC50,7.26,55.0,nM,CHEMBL5726561
ENPP2,CHEMBL5790696,IC50,7.26,55.0,nM,CHEMBL5726561
ENPP2,CHEMBL5999499,IC50,7.26,55.0,nM,CHEMBL5726561
ENPP2,CHEMBL5840202,IC50,7.26,55.0,nM,CHEMBL5726561
ENPP2,CHEMBL5869869,IC50,7.26,55.0,nM,CHEMBL5726561
ENPP2,CHEMBL5856029,IC50,7.26,55.0,nM,CHEMBL5726561
ENPP2,CHEMBL5939286,IC50,7.26,55.0,nM,CHEMBL5726561
ENPP2,CHEMBL5978594,IC50,7.26,55.0,nM,CHEMBL5726561
ENPP2,CHEMBL6030943,IC50,7.26,55.0,nM,CHEMBL5726561
ENPP2,CHEMBL5923211,IC50,7.26,55.0,nM,CHEMBL5726561
ENPP2,CHEMBL5913783,IC50,7.26,55.0,nM,CHEMBL5726561
ENPP2,CHEMBL5974148,IC50,7.26,55.0,nM,CHEMBL5726561
ENPP2,CHEMBL5783003,IC50,7.26,55.0,nM,CHEMBL5726561
ENPP2,CHEMBL5871822,IC50,7.26,55.0,nM,CHEMBL5726561
ENPP2,CHEMBL6042659,IC50,7.26,55.0,nM,CHEMBL5726561
ENPP2,CHEMBL5785565,IC50,7.26,55.0,nM,CHEMBL5726561
ENPP2,CHEMBL5940063,IC50,7.26,55.0,nM,CHEMBL5726561
ENPP2,CHEMBL5787587,IC50,7.26,55.0,nM,CHEMBL5726561
ENPP2,CHEMBL5930204,IC50,7.26,55.0,nM,CHEMBL5726561
ENPP2,CHEMBL5745375,IC50,7.26,55.0,nM,CHEMBL5726561
ENPP2,CHEMBL5951084,IC50,7.26,55.0,nM,CHEMBL5726561
ENPP2,CHEMBL6034722,IC50,7.26,55.0,nM,CHEMBL5726561
ENPP2,CHEMBL3918144,IC50,8.35,4.5,nM,CHEMBL5726702
ENPP2,CHEMBL3926737,IC50,8.0,10.0,nM,CHEMBL5726702
ENPP2,CHEMBL3897498,IC50,8.1,8.0,nM,CHEMBL5726702
ENPP2,CHEMBL3889650,IC50,8.29,5.1,nM,CHEMBL5726702
ENPP2,CHEMBL3982922,IC50,7.55,28.0,nM,CHEMBL5726702
ENPP2,CHEMBL3933325,IC50,8.31,4.9,nM,CHEMBL5726702
ENPP2,CHEMBL3967509,IC50,7.8,16.0,nM,CHEMBL5726702
ENPP2,CHEMBL3905272,IC50,7.92,12.0,nM,CHEMBL5726702
ENPP2,CHEMBL5853784,IC50,7.77,17.0,nM,CHEMBL5726702
ENPP2,CHEMBL5789593,IC50,8.42,3.8,nM,CHEMBL5726702
ENPP2,CHEMBL3987170,IC50,8.27,5.4,nM,CHEMBL5726702
ENPP2,CHEMBL3958484,IC50,8.08,8.4,nM,CHEMBL5726702
ENPP2,CHEMBL3677647,IC50,7.85,14.0,nM,CHEMBL5726702
ENPP2,CHEMBL3897178,IC50,7.53,29.6,nM,CHEMBL5727177
ENPP2,CHEMBL3971846,IC50,7.39,40.3,nM,CHEMBL5727177
ENPP2,CHEMBL3985977,IC50,7.42,38.0,nM,CHEMBL5727177
ENPP2,CHEMBL3980887,IC50,7.16,69.6,nM,CHEMBL5727177
ENPP2,CHEMBL3972860,IC50,7.05,89.2,nM,CHEMBL5727177
ENPP2,CHEMBL5996718,IC50,7.3,50.0,nM,CHEMBL5727477
ENPP2,CHEMBL5764990,IC50,7.3,50.0,nM,CHEMBL5727477
ENPP2,CHEMBL5831930,IC50,7.3,50.0,nM,CHEMBL5727477
ENPP2,CHEMBL5966624,IC50,7.3,50.0,nM,CHEMBL5727477
ENPP2,CHEMBL4100092,IC50,7.3,50.0,nM,CHEMBL5727477
ENPP2,CHEMBL4066613,IC50,7.3,50.0,nM,CHEMBL5727477
ENPP2,CHEMBL4084282,IC50,7.3,50.0,nM,CHEMBL5727477
ENPP2,CHEMBL5836189,IC50,7.3,50.0,nM,CHEMBL5727477
ENPP2,CHEMBL5900003,IC50,7.3,50.0,nM,CHEMBL5727477
ENPP2,CHEMBL5900446,IC50,7.3,50.0,nM,CHEMBL5727477
ENPP2,CHEMBL5795786,IC50,7.3,50.0,nM,CHEMBL5727477
ENPP2,CHEMBL5775654,IC50,7.3,50.0,nM,CHEMBL5727477
ENPP2,CHEMBL5946725,IC50,7.3,50.0,nM,CHEMBL5727477
ENPP2,CHEMBL6011504,IC50,7.3,50.0,nM,CHEMBL5727477
ENPP2,CHEMBL5812409,IC50,7.3,50.0,nM,CHEMBL5727477
ENPP2,CHEMBL5874380,IC50,7.3,50.0,nM,CHEMBL5727477
ENPP2,CHEMBL5815784,IC50,7.3,50.0,nM,CHEMBL5727477
ENPP2,CHEMBL5829145,IC50,7.3,50.0,nM,CHEMBL5727477
ENPP2,CHEMBL5945019,IC50,7.3,50.0,nM,CHEMBL5727477
ENPP2,CHEMBL6009376,IC50,7.3,50.0,nM,CHEMBL5727477
ENPP2,CHEMBL5742321,IC50,7.3,50.0,nM,CHEMBL5727477
ENPP2,CHEMBL5779558,IC50,7.3,50.0,nM,CHEMBL5727477
ENPP2,CHEMBL5756078,IC50,7.3,50.0,nM,CHEMBL5727477
ENPP2,CHEMBL5885348,IC50,7.08,84.0,nM,CHEMBL5727805
ENPP2,CHEMBL6052744,IC50,7.27,54.0,nM,CHEMBL5727805
ENPP2,CHEMBL6046087,IC50,7.02,96.0,nM,CHEMBL5727805
ENPP2,CHEMBL5762212,IC50,7.85,14.0,nM,CHEMBL5727805
ENPP2,CHEMBL5751364,IC50,8.3,5.0,nM,CHEMBL5727805
ENPP2,CHEMBL5900999,IC50,7.28,52.0,nM,CHEMBL5727805
ENPP2,CHEMBL5832950,IC50,7.04,91.0,nM,CHEMBL5727805
ENPP2,CHEMBL5754156,IC50,7.14,72.0,nM,CHEMBL5727805
ENPP2,CHEMBL5800339,IC50,7.48,33.0,nM,CHEMBL5727805
ENPP2,CHEMBL5851069,IC50,7.8,16.0,nM,CHEMBL5727805
ENPP2,CHEMBL6060916,IC50,7.29,51.0,nM,CHEMBL5727805
ENPP2,CHEMBL5869257,IC50,7.57,27.0,nM,CHEMBL5727805
ENPP2,CHEMBL6048921,IC50,7.05,89.0,nM,CHEMBL5727805
ENPP2,CHEMBL5764797,IC50,7.62,24.0,nM,CHEMBL5727805
ENPP2,CHEMBL6011075,IC50,7.15,71.0,nM,CHEMBL5727805
ENPP2,CHEMBL5767432,IC50,7.14,73.0,nM,CHEMBL5727805
ENPP2,CHEMBL5862338,IC50,8.4,4.0,nM,CHEMBL5727805
ENPP2,CHEMBL5823515,IC50,7.92,12.0,nM,CHEMBL5727805
ENPP2,CHEMBL5956023,IC50,7.68,21.0,nM,CHEMBL5727805
ENPP2,CHEMBL5989742,IC50,7.77,17.0,nM,CHEMBL5727805
ENPP2,CHEMBL5865174,IC50,7.42,38.0,nM,CHEMBL5727805
ENPP2,CHEMBL5768203,IC50,7.29,51.0,nM,CHEMBL5727805
ENPP2,CHEMBL5802518,IC50,7.14,72.0,nM,CHEMBL5727805
ENPP2,CHEMBL6031694,IC50,7.75,18.0,nM,CHEMBL5727805
ENPP2,CHEMBL5832266,IC50,7.42,38.0,nM,CHEMBL5727805
ENPP2,CHEMBL5928075,IC50,8.1,8.0,nM,CHEMBL5727805
ENPP2,CHEMBL5944574,IC50,8.1,8.0,nM,CHEMBL5727805
ENPP2,CHEMBL5983908,IC50,7.82,15.0,nM,CHEMBL5727805
ENPP2,CHEMBL5943202,IC50,7.16,70.0,nM,CHEMBL5727805
ENPP2,CHEMBL6011365,IC50,8.0,10.0,nM,CHEMBL5727805
ENPP2,CHEMBL5742870,IC50,7.8,16.0,nM,CHEMBL5727805
ENPP2,CHEMBL5917653,IC50,7.96,11.0,nM,CHEMBL5727805
ENPP2,CHEMBL5794571,IC50,7.96,11.0,nM,CHEMBL5727805
ENPP2,CHEMBL5862009,IC50,8.4,4.0,nM,CHEMBL5727805
ENPP2,CHEMBL5784258,IC50,8.0,10.0,nM,CHEMBL5727805
ENPP2,CHEMBL6009576,IC50,7.82,15.0,nM,CHEMBL5727805
ENPP2,CHEMBL5877028,IC50,8.4,4.0,nM,CHEMBL5727805
ENPP2,CHEMBL5853927,IC50,8.52,3.0,nM,CHEMBL5727805
ENPP2,CHEMBL5963650,IC50,7.58,26.0,nM,CHEMBL5727805
ENPP2,CHEMBL5839654,IC50,8.0,10.0,nM,CHEMBL5727805
ENPP2,CHEMBL5867631,IC50,8.22,6.0,nM,CHEMBL5727805
ENPP2,CHEMBL5851858,IC50,8.15,7.0,nM,CHEMBL5727805
ENPP2,CHEMBL5740734,IC50,8.3,5.0,nM,CHEMBL5727805
ENPP2,CHEMBL6044384,IC50,8.0,10.0,nM,CHEMBL5727805
ENPP2,CHEMBL5754819,IC50,8.52,3.0,nM,CHEMBL5727805
ENPP2,CHEMBL5940212,IC50,8.05,9.0,nM,CHEMBL5727805
ENPP3,CHEMBL2336905,Ki,7.27,53.7,nM,CHEMBL5136965
ENPP3,CHEMBL265502,Ki,7.4,40.0,nM,CHEMBL5136965
ENPP3,CHEMBL5566114,IC50,10.05,0.09,nM,CHEMBL5518208
