target,ligand,seed,affinity
enpp1,CHEMBL6149286,42,-9.5
enpp1,CHEMBL6174154,42,-8.8
enpp1,CHEMBL5826130,42,-7.8
enpp1,TZV_native,42,-8.7
enpp1,CHEMBL5915707,42,-7.9
enpp2,CHEMBL5826130,42,-7.4
enpp1,CHEMBL5555976,42,-8.3
enpp1,CHEMBL6149286,42,-9.5
enpp2,CHEMBL5915707,42,-6.7
enpp1,CHEMBL6174154,42,-8.8
enpp2,CHEMBL5555976,42,-8.2
enpp1,TZV_native,42,-8.7
enpp2,CHEMBL6149286,42,-10.1
enpp2,CHEMBL5826130,42,-7.4
enpp2,CHEMBL6174154,42,-8.8
enpp2,CHEMBL5915707,42,-6.7
enpp2,TZV_native,42,-8.3
enpp2,CHEMBL5555976,42,-8.2
enpp3,CHEMBL5826130,42,-7.8
enpp2,CHEMBL6149286,42,-10.1
enpp3,CHEMBL5915707,42,-7.5
enpp2,CHEMBL6174154,42,-8.8
enpp3,CHEMBL5555976,42,-7.7
enpp2,TZV_native,42,-8.3
enpp3,CHEMBL6149286,42,-11.0
enpp3,CHEMBL5826130,42,-7.8
enpp3,CHEMBL6174154,42,-10.1
enpp3,TZV_native,42,-10.0
enpp3,CHEMBL5915707,42,-7.5
enpp1,CHEMBL5826130,1,-7.8
enpp3,CHEMBL5555976,42,-7.7
enpp1,CHEMBL5915707,1,-7.9
enpp3,CHEMBL6149286,42,-11.0
enpp3,CHEMBL6174154,42,-10.1
enpp1,CHEMBL5555976,1,-8.2
enpp3,TZV_native,42,-10.0
enpp1,CHEMBL6149286,1,-9.2
enpp1,CHEMBL6174154,1,-9.2
enpp1,CHEMBL5826130,1,-7.8
enpp1,TZV_native,1,-9.0
enpp1,CHEMBL5915707,1,-7.9
enpp2,CHEMBL5826130,1,-7.4
enpp1,CHEMBL5555976,1,-8.2
enpp1,CHEMBL6149286,1,-9.2
enpp2,CHEMBL5915707,1,-6.8
enpp1,CHEMBL6174154,1,-9.2
enpp2,CHEMBL5555976,1,-7.9
enpp1,TZV_native,1,-9.0
enpp2,CHEMBL6149286,1,-10.0
enpp2,CHEMBL5826130,1,-7.4
enpp2,CHEMBL6174154,1,-8.8
enpp2,CHEMBL5915707,1,-6.8
enpp2,TZV_native,1,-8.6
enpp2,CHEMBL5555976,1,-7.9
enpp3,CHEMBL5826130,1,-7.7
enpp2,CHEMBL6149286,1,-10.0
enpp3,CHEMBL5915707,1,-7.4
enpp2,CHEMBL6174154,1,-8.8
enpp3,CHEMBL5555976,1,-7.7
enpp2,TZV_native,1,-8.6
enpp3,CHEMBL6149286,1,-10.9
enpp3,CHEMBL5826130,1,-7.7
enpp3,CHEMBL6174154,1,-10.2
enpp3,TZV_native,1,-9.9
enpp3,CHEMBL5915707,1,-7.4
enpp1,CHEMBL5826130,2,-7.8
enpp3,CHEMBL5555976,1,-7.7
enpp1,CHEMBL5915707,2,-7.9
enpp3,CHEMBL6149286,1,-10.9
enpp3,CHEMBL6174154,1,-10.2
enpp1,CHEMBL5555976,2,-8.3
enpp3,TZV_native,1,-9.9
enpp1,CHEMBL6149286,2,-9.2
enpp1,CHEMBL6174154,2,-8.8
enpp1,CHEMBL5826130,2,-7.8
enpp1,TZV_native,2,-8.8
enpp1,CHEMBL5915707,2,-7.9
enpp2,CHEMBL5826130,2,-7.3
enpp1,CHEMBL5555976,2,-8.3
enpp2,CHEMBL5915707,2,-6.8
enpp1,CHEMBL6149286,2,-9.2
enpp1,CHEMBL6174154,2,-8.8
enpp2,CHEMBL5555976,2,-7.9
enpp1,TZV_native,2,-8.8
enpp2,CHEMBL6149286,2,-10.2
enpp2,CHEMBL5826130,2,-7.3
enpp2,CHEMBL6174154,2,-8.8
enpp2,CHEMBL5915707,2,-6.8
enpp2,TZV_native,2,-8.6
enpp2,CHEMBL5555976,2,-7.9
enpp3,CHEMBL5826130,2,-7.8
enpp2,CHEMBL6149286,2,-10.2
enpp3,CHEMBL5915707,2,-7.5
enpp2,CHEMBL6174154,2,-8.8
enpp3,CHEMBL5555976,2,-7.7
enpp2,TZV_native,2,-8.6
enpp3,CHEMBL6149286,2,-11.0
enpp3,CHEMBL6174154,2,-10.2
enpp3,CHEMBL5826130,2,-7.8
enpp3,TZV_native,2,-10.0
enpp3,CHEMBL5915707,2,-7.5
enpp1,CHEMBL5826130,3,-7.8
enpp3,CHEMBL5555976,2,-7.7
enpp1,CHEMBL5915707,3,-7.9
enpp3,CHEMBL6149286,2,-11.0
enpp3,CHEMBL6174154,2,-10.2
enpp1,CHEMBL5555976,3,-8.2
enpp3,TZV_native,2,-10.0
enpp1,CHEMBL6149286,3,-9.3
enpp1,CHEMBL6174154,3,-8.8
enpp1,CHEMBL5826130,3,-7.8
enpp1,TZV_native,3,-8.8
enpp1,CHEMBL5915707,3,-7.9
enpp2,CHEMBL5826130,3,-7.3
enpp1,CHEMBL5555976,3,-8.2
enpp2,CHEMBL5915707,3,-7.4
enpp1,CHEMBL6149286,3,-9.3
enpp1,CHEMBL6174154,3,-8.8
enpp2,CHEMBL5555976,3,-7.9
enpp1,TZV_native,3,-8.8
enpp2,CHEMBL6149286,3,-10.0
enpp2,CHEMBL5826130,3,-7.3
enpp2,CHEMBL6174154,3,-8.7
enpp2,CHEMBL5915707,3,-7.4
enpp2,TZV_native,3,-8.6
enpp2,CHEMBL5555976,3,-7.9
enpp3,CHEMBL5826130,3,-7.7
enpp3,CHEMBL5915707,3,-7.4
enpp2,CHEMBL6149286,3,-10.0
enpp2,CHEMBL6174154,3,-8.7
enpp3,CHEMBL5555976,3,-7.7
enpp2,TZV_native,3,-8.6
enpp3,CHEMBL6149286,3,-11.0
enpp3,CHEMBL6174154,3,-10.2
enpp3,CHEMBL5826130,3,-7.7
enpp3,TZV_native,3,-10.0
enpp3,CHEMBL5915707,3,-7.4
enpp1,CHEMBL5826130,4,-7.8
enpp3,CHEMBL5555976,3,-7.7
enpp1,CHEMBL5915707,4,-7.9
enpp3,CHEMBL6149286,3,-11.0
enpp1,CHEMBL5555976,4,-8.2
enpp3,CHEMBL6174154,3,-10.2
enpp3,TZV_native,3,-10.0
enpp1,CHEMBL6149286,4,-8.8
enpp1,CHEMBL6174154,4,-8.8
enpp1,CHEMBL5826130,4,-7.8
enpp1,TZV_native,4,-8.8
enpp1,CHEMBL5915707,4,-7.9
enpp2,CHEMBL5826130,4,-7.4
enpp1,CHEMBL5555976,4,-8.2
enpp1,CHEMBL6149286,4,-8.8
enpp2,CHEMBL5915707,4,-6.8
enpp1,CHEMBL6174154,4,-8.8
enpp2,CHEMBL5555976,4,-8.2
enpp1,TZV_native,4,-8.8
enpp2,CHEMBL6149286,4,-9.4
enpp2,CHEMBL5826130,4,-7.4
enpp2,CHEMBL6174154,4,-8.8
enpp2,CHEMBL5915707,4,-6.8
enpp2,TZV_native,4,-8.5
enpp2,CHEMBL5555976,4,-8.2
enpp3,CHEMBL5826130,4,-7.7
enpp2,CHEMBL6149286,4,-9.4
enpp3,CHEMBL5915707,4,-7.5
enpp2,CHEMBL6174154,4,-8.8
enpp3,CHEMBL5555976,4,-7.7
enpp2,TZV_native,4,-8.5
enpp3,CHEMBL6149286,4,-11.0
enpp3,CHEMBL6174154,4,-10.3
enpp3,CHEMBL5826130,4,-7.7
enpp3,TZV_native,4,-9.9
enpp3,CHEMBL5915707,4,-7.5
enpp1,CHEMBL5826130,5,-7.9
enpp3,CHEMBL5555976,4,-7.7
enpp1,CHEMBL5915707,5,-7.9
enpp3,CHEMBL6149286,4,-11.0
enpp3,CHEMBL6174154,4,-10.3
enpp1,CHEMBL5555976,5,-8.2
enpp3,TZV_native,4,-9.9
enpp1,CHEMBL6149286,5,-9.3
enpp1,CHEMBL6174154,5,-8.8
enpp1,CHEMBL5826130,5,-7.9
enpp1,TZV_native,5,-9.1
enpp1,CHEMBL5915707,5,-7.9
enpp2,CHEMBL5826130,5,-7.3
enpp1,CHEMBL5555976,5,-8.2
enpp2,CHEMBL5915707,5,-6.7
enpp1,CHEMBL6149286,5,-9.3
enpp1,CHEMBL6174154,5,-8.8
enpp2,CHEMBL5555976,5,-8.2
enpp1,TZV_native,5,-9.1
enpp2,CHEMBL6149286,5,-10.1
enpp2,CHEMBL5826130,5,-7.3
enpp2,CHEMBL6174154,5,-8.7
enpp2,CHEMBL5915707,5,-6.7
enpp2,TZV_native,5,-8.5
enpp2,CHEMBL5555976,5,-8.2
enpp3,CHEMBL5826130,5,-7.7
enpp2,CHEMBL6149286,5,-10.1
enpp3,CHEMBL5915707,5,-7.5
enpp2,CHEMBL6174154,5,-8.7
enpp3,CHEMBL5555976,5,-7.7
enpp2,TZV_native,5,-8.5
enpp3,CHEMBL6149286,5,-11.0
enpp3,CHEMBL6174154,5,-10.1
enpp3,CHEMBL5826130,5,-7.7
enpp3,TZV_native,5,-9.9
enpp3,CHEMBL5915707,5,-7.5
enpp1,CHEMBL5826130,6,-7.8
enpp3,CHEMBL5555976,5,-7.7
enpp1,CHEMBL5915707,6,-7.9
enpp3,CHEMBL6149286,5,-11.0
enpp3,CHEMBL6174154,5,-10.1
enpp1,CHEMBL5555976,6,-8.2
enpp3,TZV_native,5,-9.9
enpp1,CHEMBL6149286,6,-9.0
enpp1,CHEMBL6174154,6,-8.8
enpp1,CHEMBL5826130,6,-7.8
enpp1,TZV_native,6,-9.1
enpp1,CHEMBL5915707,6,-7.9
enpp2,CHEMBL5826130,6,-7.3
enpp1,CHEMBL5555976,6,-8.2
enpp2,CHEMBL5915707,6,-6.7
enpp1,CHEMBL6149286,6,-9.0
enpp1,CHEMBL6174154,6,-8.8
enpp2,CHEMBL5555976,6,-8.2
enpp1,TZV_native,6,-9.1
enpp2,CHEMBL6149286,6,-10.1
enpp2,CHEMBL5826130,6,-7.3
enpp2,CHEMBL6174154,6,-8.8
enpp2,CHEMBL5915707,6,-6.7
enpp2,TZV_native,6,-8.6
enpp2,CHEMBL5555976,6,-8.2
enpp3,CHEMBL5826130,6,-7.7
enpp2,CHEMBL6149286,6,-10.1
enpp3,CHEMBL5915707,6,-7.5
enpp2,CHEMBL6174154,6,-8.8
enpp3,CHEMBL5555976,6,-7.7
enpp2,TZV_native,6,-8.6
enpp3,CHEMBL6149286,6,-11.0
enpp3,CHEMBL6174154,6,-10.2
enpp3,CHEMBL5826130,6,-7.7
enpp3,TZV_native,6,-10.0
enpp3,CHEMBL5915707,6,-7.5
enpp1,CHEMBL5826130,7,-7.8
enpp3,CHEMBL5555976,6,-7.7
enpp1,CHEMBL5915707,7,-7.9
enpp3,CHEMBL6149286,6,-11.0
enpp3,CHEMBL6174154,6,-10.2
enpp1,CHEMBL5555976,7,-8.2
enpp3,TZV_native,6,-10.0
enpp1,CHEMBL6149286,7,-9.3
enpp1,CHEMBL6174154,7,-8.8
enpp1,CHEMBL5826130,7,-7.8
enpp1,TZV_native,7,-9.1
enpp1,CHEMBL5915707,7,-7.9
enpp2,CHEMBL5826130,7,-7.4
enpp1,CHEMBL5555976,7,-8.2
enpp1,CHEMBL6149286,7,-9.3
enpp2,CHEMBL5915707,7,-6.7
enpp1,CHEMBL6174154,7,-8.8
enpp2,CHEMBL5555976,7,-8.2
enpp1,TZV_native,7,-9.1
enpp2,CHEMBL6149286,7,-10.1
enpp2,CHEMBL5826130,7,-7.4
enpp2,CHEMBL6174154,7,-8.7
enpp2,CHEMBL5915707,7,-6.7
enpp2,TZV_native,7,-8.6
enpp2,CHEMBL5555976,7,-8.2
enpp3,CHEMBL5826130,7,-7.7
enpp2,CHEMBL6149286,7,-10.1
enpp3,CHEMBL5915707,7,-7.5
enpp2,CHEMBL6174154,7,-8.7
enpp3,CHEMBL5555976,7,-7.7
enpp2,TZV_native,7,-8.6
enpp3,CHEMBL6149286,7,-11.0
enpp3,CHEMBL5826130,7,-7.7
enpp3,CHEMBL6174154,7,-10.2
enpp3,TZV_native,7,-10.0
enpp3,CHEMBL5915707,7,-7.5
enpp1,CHEMBL5826130,8,-7.8
enpp3,CHEMBL5555976,7,-7.7
enpp1,CHEMBL5915707,8,-7.9
enpp3,CHEMBL6149286,7,-11.0
enpp3,CHEMBL6174154,7,-10.2
enpp1,CHEMBL5555976,8,-8.3
enpp3,TZV_native,7,-10.0
enpp1,CHEMBL6149286,8,-9.2
enpp1,CHEMBL6174154,8,-8.8
enpp1,CHEMBL5826130,8,-7.8
enpp1,TZV_native,8,-8.8
enpp1,CHEMBL5915707,8,-7.9
enpp2,CHEMBL5826130,8,-7.4
enpp1,CHEMBL5555976,8,-8.3
enpp1,CHEMBL6149286,8,-9.2
enpp2,CHEMBL5915707,8,-6.8
enpp1,CHEMBL6174154,8,-8.8
enpp2,CHEMBL5555976,8,-7.9
enpp1,TZV_native,8,-8.8
enpp2,CHEMBL6149286,8,-10.0
enpp2,CHEMBL5826130,8,-7.4
enpp2,CHEMBL6174154,8,-8.8
enpp2,CHEMBL5915707,8,-6.8
enpp2,TZV_native,8,-8.4
enpp2,CHEMBL5555976,8,-7.9
enpp3,CHEMBL5826130,8,-7.7
enpp2,CHEMBL6149286,8,-10.0
enpp3,CHEMBL5915707,8,-7.5
enpp2,CHEMBL6174154,8,-8.8
enpp3,CHEMBL5555976,8,-7.7
enpp2,TZV_native,8,-8.4
enpp3,CHEMBL6149286,8,-11.0
enpp3,CHEMBL6174154,8,-10.2
enpp3,CHEMBL5826130,8,-7.7
enpp3,TZV_native,8,-10.0
enpp3,CHEMBL5915707,8,-7.5
enpp1,CHEMBL5826130,9,-7.9
enpp3,CHEMBL5555976,8,-7.7
enpp1,CHEMBL5915707,9,-7.9
enpp3,CHEMBL6149286,8,-11.0
enpp3,CHEMBL6174154,8,-10.2
enpp1,CHEMBL5555976,9,-8.3
enpp3,TZV_native,8,-10.0
enpp1,CHEMBL6149286,9,-9.3
enpp1,CHEMBL6174154,9,-8.8
enpp1,CHEMBL5826130,9,-7.9
enpp1,TZV_native,9,-8.4
enpp1,CHEMBL5915707,9,-7.9
enpp2,CHEMBL5826130,9,-7.2
enpp1,CHEMBL5555976,9,-8.3
enpp2,CHEMBL5915707,9,-6.7
enpp1,CHEMBL6149286,9,-9.3
enpp1,CHEMBL6174154,9,-8.8
enpp2,CHEMBL5555976,9,-8.2
enpp1,TZV_native,9,-8.4
enpp2,CHEMBL6149286,9,-9.8
enpp2,CHEMBL5826130,9,-7.2
enpp2,CHEMBL6174154,9,-8.8
enpp2,CHEMBL5915707,9,-6.7
enpp2,TZV_native,9,-8.5
enpp2,CHEMBL5555976,9,-8.2
enpp3,CHEMBL5826130,9,-7.7
enpp2,CHEMBL6149286,9,-9.8
enpp3,CHEMBL5915707,9,-7.6
enpp2,CHEMBL6174154,9,-8.8
enpp3,CHEMBL5555976,9,-7.7
enpp2,TZV_native,9,-8.5
enpp3,CHEMBL6149286,9,-11.0
enpp3,CHEMBL6174154,9,-10.1
enpp3,CHEMBL5826130,9,-7.7
enpp3,TZV_native,9,-10.0
enpp3,CHEMBL5915707,9,-7.6
enpp1,CHEMBL5826130,10,-7.9
enpp3,CHEMBL5555976,9,-7.7
enpp1,CHEMBL5915707,10,-7.9
enpp3,CHEMBL6149286,9,-11.0
enpp3,CHEMBL6174154,9,-10.1
enpp1,CHEMBL5555976,10,-8.2
enpp3,TZV_native,9,-10.0
enpp1,CHEMBL6149286,10,-9.1
enpp1,CHEMBL6174154,10,-8.8
enpp1,CHEMBL5826130,10,-7.9
enpp1,TZV_native,10,-9.1
enpp1,CHEMBL5915707,10,-7.9
enpp2,CHEMBL5826130,10,-7.4
enpp1,CHEMBL5555976,10,-8.2
enpp1,CHEMBL6149286,10,-9.1
enpp2,CHEMBL5915707,10,-6.7
enpp1,CHEMBL6174154,10,-8.8
enpp2,CHEMBL5555976,10,-8.2
enpp1,TZV_native,10,-9.1
enpp2,CHEMBL6149286,10,-10.1
enpp2,CHEMBL5826130,10,-7.4
enpp2,CHEMBL6174154,10,-8.8
enpp2,CHEMBL5915707,10,-6.7
enpp2,TZV_native,10,-8.5
enpp2,CHEMBL5555976,10,-8.2
enpp3,CHEMBL5826130,10,-7.7
enpp2,CHEMBL6149286,10,-10.1
enpp3,CHEMBL5915707,10,-7.6
enpp2,CHEMBL6174154,10,-8.8
enpp3,CHEMBL5555976,10,-7.7
enpp2,TZV_native,10,-8.5
enpp3,CHEMBL6149286,10,-10.9
enpp3,CHEMBL6174154,10,-10.2
enpp3,CHEMBL5826130,10,-7.7
enpp3,TZV_native,10,-10.0
enpp3,CHEMBL5915707,10,-7.6
enpp1,CHEMBL5826130,11,-7.8
enpp3,CHEMBL5555976,10,-7.7
enpp1,CHEMBL5915707,11,-7.9
enpp3,CHEMBL6149286,10,-10.9
enpp3,CHEMBL6174154,10,-10.2
enpp1,CHEMBL5555976,11,-8.3
enpp3,TZV_native,10,-10.0
enpp1,CHEMBL6149286,11,-9.4
enpp1,CHEMBL6174154,11,-8.8
enpp1,CHEMBL5826130,11,-7.8
enpp1,TZV_native,11,-8.8
enpp1,CHEMBL5915707,11,-7.9
enpp2,CHEMBL5826130,11,-7.2
enpp1,CHEMBL5555976,11,-8.3
enpp1,CHEMBL6149286,11,-9.4
enpp2,CHEMBL5915707,11,-6.8
enpp1,CHEMBL6174154,11,-8.8
enpp2,CHEMBL5555976,11,-7.9
enpp1,TZV_native,11,-8.8
enpp2,CHEMBL6149286,11,-10.1
enpp2,CHEMBL5826130,11,-7.2
enpp2,CHEMBL6174154,11,-8.8
enpp2,CHEMBL5915707,11,-6.8
enpp2,TZV_native,11,-8.5
enpp2,CHEMBL5555976,11,-7.9
enpp3,CHEMBL5826130,11,-7.7
enpp2,CHEMBL6149286,11,-10.1
enpp3,CHEMBL5915707,11,-7.5
enpp2,CHEMBL6174154,11,-8.8
enpp3,CHEMBL5555976,11,-7.7
enpp2,TZV_native,11,-8.5
enpp3,CHEMBL6149286,11,-11.0
enpp3,CHEMBL6174154,11,-10.1
enpp3,CHEMBL5826130,11,-7.7
enpp3,TZV_native,11,-10.0
enpp3,CHEMBL5915707,11,-7.5
enpp1,CHEMBL5826130,12,-7.9
enpp3,CHEMBL5555976,11,-7.7
enpp1,CHEMBL5915707,12,-7.9
enpp3,CHEMBL6149286,11,-11.0
enpp3,CHEMBL6174154,11,-10.1
enpp1,CHEMBL5555976,12,-8.3
enpp3,TZV_native,11,-10.0
enpp1,CHEMBL6149286,12,-9.2
enpp1,CHEMBL6174154,12,-8.8
enpp1,CHEMBL5826130,12,-7.9
enpp1,TZV_native,12,-8.7
enpp1,CHEMBL5915707,12,-7.9
enpp2,CHEMBL5826130,12,-7.4
enpp1,CHEMBL5555976,12,-8.3
enpp1,CHEMBL6149286,12,-9.2
enpp2,CHEMBL5915707,12,-6.8
enpp1,CHEMBL6174154,12,-8.8
enpp2,CHEMBL5555976,12,-9.0
enpp1,TZV_native,12,-8.7
enpp2,CHEMBL6149286,12,-10.1
enpp2,CHEMBL5826130,12,-7.4
enpp2,CHEMBL6174154,12,-8.8
enpp2,CHEMBL5915707,12,-6.8
enpp2,TZV_native,12,-8.5
enpp2,CHEMBL5555976,12,-9.0
enpp3,CHEMBL5826130,12,-7.7
enpp2,CHEMBL6149286,12,-10.1
enpp3,CHEMBL5915707,12,-7.3
enpp2,CHEMBL6174154,12,-8.8
enpp3,CHEMBL5555976,12,-7.7
enpp2,TZV_native,12,-8.5
enpp3,CHEMBL6149286,12,-11.0
enpp3,CHEMBL6174154,12,-10.2
enpp3,CHEMBL5826130,12,-7.7
enpp3,TZV_native,12,-9.9
enpp3,CHEMBL5915707,12,-7.3
enpp1,CHEMBL5826130,13,-7.9
enpp3,CHEMBL5555976,12,-7.7
enpp1,CHEMBL5915707,13,-7.9
enpp3,CHEMBL6149286,12,-11.0
enpp3,CHEMBL6174154,12,-10.2
enpp1,CHEMBL5555976,13,-8.1
enpp3,TZV_native,12,-9.9
enpp1,CHEMBL6149286,13,-9.0
enpp1,CHEMBL6174154,13,-9.0
enpp1,CHEMBL5826130,13,-7.9
enpp1,TZV_native,13,-9.1
enpp1,CHEMBL5915707,13,-7.9
enpp2,CHEMBL5826130,13,-7.3
enpp1,CHEMBL5555976,13,-8.1
enpp1,CHEMBL6149286,13,-9.0
enpp2,CHEMBL5915707,13,-6.8
enpp1,CHEMBL6174154,13,-9.0
enpp2,CHEMBL5555976,13,-8.2
enpp1,TZV_native,13,-9.1
enpp2,CHEMBL6149286,13,-10.0
enpp2,CHEMBL5826130,13,-7.3
enpp2,CHEMBL6174154,13,-8.8
enpp2,CHEMBL5915707,13,-6.8
enpp2,TZV_native,13,-8.4
enpp2,CHEMBL5555976,13,-8.2
enpp3,CHEMBL5826130,13,-7.6
enpp2,CHEMBL6149286,13,-10.0
enpp3,CHEMBL5915707,13,-7.6
enpp2,CHEMBL6174154,13,-8.8
enpp3,CHEMBL5555976,13,-7.7
enpp2,TZV_native,13,-8.4
enpp3,CHEMBL6149286,13,-11.0
enpp3,CHEMBL6174154,13,-10.1
enpp3,CHEMBL5826130,13,-7.6
enpp3,TZV_native,13,-10.0
enpp3,CHEMBL5915707,13,-7.6
enpp1,CHEMBL5826130,14,-7.8
enpp3,CHEMBL5555976,13,-7.7
enpp1,CHEMBL5915707,14,-7.9
enpp3,CHEMBL6149286,13,-11.0
enpp3,CHEMBL6174154,13,-10.1
enpp1,CHEMBL5555976,14,-8.2
enpp3,TZV_native,13,-10.0
enpp1,CHEMBL6149286,14,-9.3
enpp1,CHEMBL6174154,14,-8.8
enpp1,CHEMBL5826130,14,-7.8
enpp1,TZV_native,14,-8.7
enpp1,CHEMBL5915707,14,-7.9
enpp2,CHEMBL5826130,14,-7.3
enpp1,CHEMBL5555976,14,-8.2
enpp1,CHEMBL6149286,14,-9.3
enpp2,CHEMBL5915707,14,-7.1
enpp1,CHEMBL6174154,14,-8.8
enpp2,CHEMBL5555976,14,-8.2
enpp1,TZV_native,14,-8.7
enpp2,CHEMBL6149286,14,-10.1
enpp2,CHEMBL5826130,14,-7.3
enpp2,CHEMBL6174154,14,-9.4
enpp2,CHEMBL5915707,14,-7.1
enpp2,TZV_native,14,-8.6
enpp2,CHEMBL5555976,14,-8.2
enpp3,CHEMBL5826130,14,-7.7
enpp2,CHEMBL6149286,14,-10.1
enpp3,CHEMBL5915707,14,-7.3
enpp2,CHEMBL6174154,14,-9.4
enpp3,CHEMBL5555976,14,-7.7
enpp2,TZV_native,14,-8.6
enpp3,CHEMBL6149286,14,-10.9
enpp3,CHEMBL6174154,14,-10.2
enpp3,CHEMBL5826130,14,-7.7
enpp3,TZV_native,14,-9.9
enpp3,CHEMBL5915707,14,-7.3
enpp1,CHEMBL5826130,15,-7.8
enpp3,CHEMBL5555976,14,-7.7
enpp1,CHEMBL5915707,15,-7.9
enpp3,CHEMBL6149286,14,-10.9
enpp3,CHEMBL6174154,14,-10.2
enpp1,CHEMBL5555976,15,-8.2
enpp3,TZV_native,14,-9.9
enpp1,CHEMBL6149286,15,-9.1
enpp1,CHEMBL6174154,15,-8.8
enpp1,CHEMBL5826130,15,-7.8
enpp1,TZV_native,15,-9.1
enpp1,CHEMBL5915707,15,-7.9
enpp2,CHEMBL5826130,15,-7.4
enpp1,CHEMBL5555976,15,-8.2
enpp2,CHEMBL5915707,15,-6.8
enpp1,CHEMBL6149286,15,-9.1
enpp1,CHEMBL6174154,15,-8.8
enpp2,CHEMBL5555976,15,-8.2
enpp1,TZV_native,15,-9.1
enpp2,CHEMBL6149286,15,-10.1
enpp2,CHEMBL5826130,15,-7.4
enpp2,CHEMBL6174154,15,-8.8
enpp2,CHEMBL5915707,15,-6.8
enpp2,TZV_native,15,-8.4
enpp2,CHEMBL5555976,15,-8.2
enpp3,CHEMBL5826130,15,-7.7
enpp2,CHEMBL6149286,15,-10.1
enpp3,CHEMBL5915707,15,-7.4
enpp2,CHEMBL6174154,15,-8.8
enpp3,CHEMBL5555976,15,-7.7
enpp2,TZV_native,15,-8.4
enpp3,CHEMBL6149286,15,-10.9
enpp3,CHEMBL6174154,15,-10.3
enpp3,CHEMBL5826130,15,-7.7
enpp3,TZV_native,15,-10.0
enpp3,CHEMBL5915707,15,-7.4
enpp1,CHEMBL5826130,16,-7.8
enpp3,CHEMBL5555976,15,-7.7
enpp1,CHEMBL5915707,16,-7.9
enpp3,CHEMBL6149286,15,-10.9
enpp3,CHEMBL6174154,15,-10.3
enpp1,CHEMBL5555976,16,-8.2
enpp3,TZV_native,15,-10.0
enpp1,CHEMBL6149286,16,-9.1
enpp1,CHEMBL6174154,16,-9.0
enpp1,CHEMBL5826130,16,-7.8
enpp1,TZV_native,16,-9.0
enpp1,CHEMBL5915707,16,-7.9
enpp2,CHEMBL5826130,16,-7.4
enpp1,CHEMBL5555976,16,-8.2
enpp2,CHEMBL5915707,16,-6.8
enpp1,CHEMBL6149286,16,-9.1
enpp1,CHEMBL6174154,16,-9.0
enpp2,CHEMBL5555976,16,-7.9
enpp1,TZV_native,16,-9.0
enpp2,CHEMBL6149286,16,-10.1
enpp2,CHEMBL5826130,16,-7.4
enpp2,CHEMBL6174154,16,-8.8
enpp2,CHEMBL5915707,16,-6.8
enpp2,TZV_native,16,-8.5
enpp2,CHEMBL5555976,16,-7.9
enpp3,CHEMBL5826130,16,-7.7
enpp2,CHEMBL6149286,16,-10.1
enpp3,CHEMBL5915707,16,-7.5
enpp2,CHEMBL6174154,16,-8.8
enpp3,CHEMBL5555976,16,-7.7
enpp2,TZV_native,16,-8.5
enpp3,CHEMBL6149286,16,-11.0
enpp3,CHEMBL6174154,16,-10.3
enpp3,CHEMBL5826130,16,-7.7
enpp3,TZV_native,16,-10.0
enpp3,CHEMBL5915707,16,-7.5
enpp1,CHEMBL5826130,17,-7.8
enpp3,CHEMBL5555976,16,-7.7
enpp1,CHEMBL5915707,17,-7.9
enpp3,CHEMBL6149286,16,-11.0
enpp1,CHEMBL5555976,17,-8.2
enpp3,CHEMBL6174154,16,-10.3
enpp3,TZV_native,16,-10.0
enpp1,CHEMBL6149286,17,-9.5
enpp1,CHEMBL6174154,17,-8.8
enpp1,CHEMBL5826130,17,-7.8
enpp1,TZV_native,17,-8.4
enpp1,CHEMBL5915707,17,-7.9
enpp2,CHEMBL5826130,17,-7.3
enpp1,CHEMBL5555976,17,-8.2
enpp1,CHEMBL6149286,17,-9.5
enpp2,CHEMBL5915707,17,-6.8
enpp1,CHEMBL6174154,17,-8.8
enpp2,CHEMBL5555976,17,-8.2
enpp1,TZV_native,17,-8.4
enpp2,CHEMBL6149286,17,-10.1
enpp2,CHEMBL5826130,17,-7.3
enpp2,CHEMBL6174154,17,-9.0
enpp2,CHEMBL5915707,17,-6.8
enpp2,TZV_native,17,-8.4
enpp2,CHEMBL5555976,17,-8.2
enpp3,CHEMBL5826130,17,-7.7
enpp2,CHEMBL6149286,17,-10.1
enpp3,CHEMBL5915707,17,-7.4
enpp2,CHEMBL6174154,17,-9.0
enpp3,CHEMBL5555976,17,-7.7
enpp2,TZV_native,17,-8.4
enpp3,CHEMBL6149286,17,-11.0
enpp3,CHEMBL6174154,17,-10.2
enpp3,CHEMBL5826130,17,-7.7
enpp3,TZV_native,17,-9.9
enpp3,CHEMBL5915707,17,-7.4
enpp1,CHEMBL5826130,18,-7.8
enpp3,CHEMBL5555976,17,-7.7
enpp1,CHEMBL5915707,18,-7.9
enpp3,CHEMBL6149286,17,-11.0
enpp1,CHEMBL5555976,18,-8.2
enpp3,CHEMBL6174154,17,-10.2
enpp3,TZV_native,17,-9.9
enpp1,CHEMBL6149286,18,-9.3
enpp1,CHEMBL6174154,18,-9.1
enpp1,CHEMBL5826130,18,-7.8
enpp1,TZV_native,18,-8.9
enpp1,CHEMBL5915707,18,-7.9
enpp2,CHEMBL5826130,18,-7.3
enpp1,CHEMBL5555976,18,-8.2
enpp2,CHEMBL5915707,18,-6.7
enpp1,CHEMBL6149286,18,-9.3
enpp1,CHEMBL6174154,18,-9.1
enpp2,CHEMBL5555976,18,-8.2
enpp1,TZV_native,18,-8.9
enpp2,CHEMBL6149286,18,-10.1
enpp2,CHEMBL5826130,18,-7.3
enpp2,CHEMBL6174154,18,-8.8
enpp2,TZV_native,18,-8.3
enpp2,CHEMBL5915707,18,-6.7
enpp3,CHEMBL5826130,18,-7.7
enpp2,CHEMBL5555976,18,-8.2
enpp3,CHEMBL5915707,18,-7.6
enpp2,CHEMBL6149286,18,-10.1
enpp2,CHEMBL6174154,18,-8.8
enpp3,CHEMBL5555976,18,-7.7
enpp2,TZV_native,18,-8.3
enpp3,CHEMBL6149286,18,-11.0
enpp3,CHEMBL6174154,18,-10.2
enpp3,CHEMBL5826130,18,-7.7
enpp3,TZV_native,18,-9.9
enpp3,CHEMBL5915707,18,-7.6
enpp1,CHEMBL5826130,19,-7.8
enpp3,CHEMBL5555976,18,-7.7
enpp1,CHEMBL5915707,19,-7.9
enpp3,CHEMBL6149286,18,-11.0
enpp1,CHEMBL5555976,19,-8.2
enpp3,CHEMBL6174154,18,-10.2
enpp3,TZV_native,18,-9.9
enpp1,CHEMBL6149286,19,-9.1
enpp1,CHEMBL6174154,19,-9.2
enpp1,CHEMBL5826130,19,-7.8
enpp1,TZV_native,19,-8.7
enpp1,CHEMBL5915707,19,-7.9
enpp2,CHEMBL5826130,19,-7.3
enpp1,CHEMBL5555976,19,-8.2
enpp2,CHEMBL5915707,19,-7.5
enpp1,CHEMBL6149286,19,-9.1
enpp1,CHEMBL6174154,19,-9.2
enpp2,CHEMBL5555976,19,-8.3
enpp1,TZV_native,19,-8.7
enpp2,CHEMBL6149286,19,-10.1
enpp2,CHEMBL5826130,19,-7.3
enpp2,CHEMBL6174154,19,-8.8
enpp2,TZV_native,19,-8.5
enpp2,CHEMBL5915707,19,-7.5
enpp3,CHEMBL5826130,19,-7.7
enpp2,CHEMBL5555976,19,-8.3
enpp3,CHEMBL5915707,19,-7.5
enpp2,CHEMBL6149286,19,-10.1
enpp3,CHEMBL5555976,19,-7.7
enpp2,CHEMBL6174154,19,-8.8
enpp2,TZV_native,19,-8.5
enpp3,CHEMBL6149286,19,-11.0
enpp3,CHEMBL6174154,19,-10.1
enpp3,CHEMBL5826130,19,-7.7
enpp3,TZV_native,19,-10.0
enpp3,CHEMBL5915707,19,-7.5
enpp1,CHEMBL5826130,20,-7.9
enpp3,CHEMBL5555976,19,-7.7
enpp1,CHEMBL5915707,20,-7.9
enpp3,CHEMBL6149286,19,-11.0
enpp1,CHEMBL5555976,20,-8.2
enpp3,CHEMBL6174154,19,-10.1
enpp1,CHEMBL6149286,20,-9.2
enpp3,TZV_native,19,-10.0
enpp1,CHEMBL6174154,20,-8.8
enpp1,CHEMBL5826130,20,-7.9
enpp1,TZV_native,20,-8.7
enpp1,CHEMBL5915707,20,-7.9
enpp2,CHEMBL5826130,20,-7.4
enpp1,CHEMBL5555976,20,-8.2
enpp2,CHEMBL5915707,20,-6.8
enpp1,CHEMBL6149286,20,-9.2
enpp1,CHEMBL6174154,20,-8.8
enpp2,CHEMBL5555976,20,-8.9
enpp1,TZV_native,20,-8.7
enpp2,CHEMBL6149286,20,-9.4
enpp2,CHEMBL5826130,20,-7.4
enpp2,CHEMBL6174154,20,-9.7
enpp2,TZV_native,20,-8.6
enpp2,CHEMBL5915707,20,-6.8
enpp3,CHEMBL5826130,20,-7.7
enpp2,CHEMBL5555976,20,-8.9
enpp3,CHEMBL5915707,20,-7.5
enpp2,CHEMBL6149286,20,-9.4
enpp3,CHEMBL5555976,20,-7.7
enpp2,CHEMBL6174154,20,-9.7
enpp2,TZV_native,20,-8.6
enpp3,CHEMBL6149286,20,-11.0
enpp3,CHEMBL6174154,20,-10.2
enpp3,CHEMBL5826130,20,-7.7
enpp3,TZV_native,20,-10.0
enpp3,CHEMBL5915707,20,-7.5
enpp3,CHEMBL5555976,20,-7.7
enpp3,CHEMBL6149286,20,-11.0
enpp3,CHEMBL6174154,20,-10.2
enpp3,TZV_native,20,-10.0
